311_service requests,,unique_key,created_date,closed_date,agency_acronym,agency_name,complaint_type,descriptor,location_type,incident_zip,incident_address,street_name,city,status,due_date,resolution_date,community_board,borough,latitude,longitude,,,,,,,,,,,,,,,,,,,,,,,,,,,,,,,,,,,,,,,,,,,,,,,,,,,,,,,,,,,,,,,,,,,,,,,,,,,,,,,,,,,,,,,,,,,,,,,,,,,,,,,,,,,,,,,,,,,,,,,,,,,,,,,,,,,,,,,,,,,,,,,,,,,,,,,,,,,,,,,,,,,,,,,,,,,,,,,,
,,28272192,6/16/14 9:34,6/16/14 12:00,DSNY,BCC - Brooklyn South,Sanitation Condition,15 Street Cond/Dump-Out/Drop-Off,Street,11232,218 31 STREET,31 STREET,BROOKLYN,Closed,,6/16/14 12:00,07 BROOKLYN,BROOKLYN,40.65606626,-73.99980538,,,,,,,,,,,,,,,,,,,,,,,,,,,,,,,,,,,,,,,,,,,,,,,,,,,,,,,,,,,,,,,,,,,,,,,,,,,,,,,,,,,,,,,,,,,,,,,,,,,,,,,,,,,,,,,,,,,,,,,,,,,,,,,,,,,,,,,,,,,,,,,,,,,,,,,,,,,,,,,,,,,,,,,,,,,,,,,,
,,28272281,6/16/14 8:21,6/16/14 12:00,DSNY,BCC - Brooklyn South,Sanitation Condition,15 Street Cond/Dump-Out/Drop-Off,Street,11234,5207 AVENUE T,AVENUE T,BROOKLYN,Closed,,6/16/14 12:00,18 BROOKLYN,BROOKLYN,40.61178136,-73.92388916,,,,,,,,,,,,,,,,,,,,,,,,,,,,,,,,,,,,,,,,,,,,,,,,,,,,,,,,,,,,,,,,,,,,,,,,,,,,,,,,,,,,,,,,,,,,,,,,,,,,,,,,,,,,,,,,,,,,,,,,,,,,,,,,,,,,,,,,,,,,,,,,,,,,,,,,,,,,,,,,,,,,,,,,,,,,,,,,
,,28272228,6/16/14 0:00,7/15/14 0:00,DOHMH,Department of Health and Mental Hygiene,Rodent,Rat Sighting,1-2 Family Dwelling,11209,230 94 STREET,94 STREET,BROOKLYN,Closed,7/16/14 12:13,7/15/14 0:00,10 BROOKLYN,BROOKLYN,40.61834482,-74.03499022,,,,,,,,,,,,,,,,,,,,,,,,,,,,,,,,,,,,,,,,,,,,,,,,,,,,,,,,,,,,,,,,,,,,,,,,,,,,,,,,,,,,,,,,,,,,,,,,,,,,,,,,,,,,,,,,,,,,,,,,,,,,,,,,,,,,,,,,,,,,,,,,,,,,,,,,,,,,,,,,,,,,,,,,,,,,,,,,
,,28272229,6/16/14 0:00,2007-01-14 0:00,DOHMH,Department of Health and Mental Hygiene,Rodent,Rat Sighting,3+ Family Apt. Building,11215,,,BROOKLYN,Closed,7/16/14 14:30,2007-01-14 0:00,06 BROOKLYN,BROOKLYN,40.66279991,-73.97834812,,,,,,,,,,,,,,,,,,,,,,,,,,,,,,,,,,,,,,,,,,,,,,,,,,,,,,,,,,,,,,,,,,,,,,,,,,,,,,,,,,,,,,,,,,,,,,,,,,,,,,,,,,,,,,,,,,,,,,,,,,,,,,,,,,,,,,,,,,,,,,,,,,,,,,,,,,,,,,,,,,,,,,,,,,,,,,,,
,,28272230,6/16/14 0:00,4/28/14 0:00,DOHMH,Department of Health and Mental Hygiene,Rodent,Rat Sighting,Commercial Building,10002,174 ORCHARD STREET,ORCHARD STREET,NEW YORK,Pending,7/16/14 23:05,4/28/14 0:00,03 MANHATTAN,MANHATTAN,40.72168764,-73.98839066,,,,,,,,,,,,,,,,,,,,,,,,,,,,,,,,,,,,,,,,,,,,,,,,,,,,,,,,,,,,,,,,,,,,,,,,,,,,,,,,,,,,,,,,,,,,,,,,,,,,,,,,,,,,,,,,,,,,,,,,,,,,,,,,,,,,,,,,,,,,,,,,,,,,,,,,,,,,,,,,,,,,,,,,,,,,,,,,
,,28272232,6/16/14 6:59,6/18/14 12:00,DSNY,BCC - Brooklyn North,Sanitation Condition,15 Street Cond/Dump-Out/Drop-Off,Street,11221,WOODBINE STREET,WOODBINE STREET,BROOKLYN,Closed,,6/18/14 12:00,04 BROOKLYN,BROOKLYN,40.69076702,-73.91847301,,,,,,,,,,,,,,,,,,,,,,,,,,,,,,,,,,,,,,,,,,,,,,,,,,,,,,,,,,,,,,,,,,,,,,,,,,,,,,,,,,,,,,,,,,,,,,,,,,,,,,,,,,,,,,,,,,,,,,,,,,,,,,,,,,,,,,,,,,,,,,,,,,,,,,,,,,,,,,,,,,,,,,,,,,,,,,,,
,,28272233,6/16/14 10:31,6/20/14 12:00,DSNY,BCC - Brooklyn North,Sanitation Condition,15 Street Cond/Dump-Out/Drop-Off,Street,11201,76 WILLOUGHBY STREET,WILLOUGHBY STREET,BROOKLYN,Closed,,6/20/14 12:00,02 BROOKLYN,BROOKLYN,40.6921674,-73.98574537,,,,,,,,,,,,,,,,,,,,,,,,,,,,,,,,,,,,,,,,,,,,,,,,,,,,,,,,,,,,,,,,,,,,,,,,,,,,,,,,,,,,,,,,,,,,,,,,,,,,,,,,,,,,,,,,,,,,,,,,,,,,,,,,,,,,,,,,,,,,,,,,,,,,,,,,,,,,,,,,,,,,,,,,,,,,,,,,
,,28272234,6/16/14 18:48,6/17/14 12:00,DSNY,Queens East 10,Sanitation Condition,15 Street Cond/Dump-Out/Drop-Off,Street,11420,,,South Ozone Park,Closed,,6/17/14 12:00,10 QUEENS,QUEENS,40.66789868,-73.81684423,,,,,,,,,,,,,,,,,,,,,,,,,,,,,,,,,,,,,,,,,,,,,,,,,,,,,,,,,,,,,,,,,,,,,,,,,,,,,,,,,,,,,,,,,,,,,,,,,,,,,,,,,,,,,,,,,,,,,,,,,,,,,,,,,,,,,,,,,,,,,,,,,,,,,,,,,,,,,,,,,,,,,,,,,,,,,,,,
,,28272236,6/16/14 0:00,6/20/14 0:00,DOHMH,Department of Health and Mental Hygiene,Rodent,Condition Attracting Rodents,1-2 Family Dwelling,11436,116-21 148 STREET,148 STREET,Jamaica,Closed,7/16/14 9:55,6/20/14 0:00,12 QUEENS,QUEENS,40.68177237,-73.79345707,,,,,,,,,,,,,,,,,,,,,,,,,,,,,,,,,,,,,,,,,,,,,,,,,,,,,,,,,,,,,,,,,,,,,,,,,,,,,,,,,,,,,,,,,,,,,,,,,,,,,,,,,,,,,,,,,,,,,,,,,,,,,,,,,,,,,,,,,,,,,,,,,,,,,,,,,,,,,,,,,,,,,,,,,,,,,,,,
,,28272257,6/16/14 15:05,,DOHMH,Department of Health and Mental Hygiene,Food Poisoning,1 or 2,Restaurant/Bar/Deli/Bakery,11211,556 DRIGGS AVENUE,DRIGGS AVENUE,BROOKLYN,Open,7/31/14 15:05,6/17/14 16:27,01 BROOKLYN,BROOKLYN,40.71692062,-73.9565709,,,,,,,,,,,,,,,,,,,,,,,,,,,,,,,,,,,,,,,,,,,,,,,,,,,,,,,,,,,,,,,,,,,,,,,,,,,,,,,,,,,,,,,,,,,,,,,,,,,,,,,,,,,,,,,,,,,,,,,,,,,,,,,,,,,,,,,,,,,,,,,,,,,,,,,,,,,,,,,,,,,,,,,,,,,,,,,,
,,,,,,,,,,,,,,,,,,,,,,,,,,,,,,,,,,,,,,,,,,,,,,,,,,,,,,,,,,,,,,,,,,,,,,,,,,,,,,,,,,,,,,,,,,,,,,,,,,,,,,,,,,,,,,,,,,,,,,,,,,,,,,,,,,,,,,,,,,,,,,,,,,,,,,,,,,,,,,,,,,,,,,,,,,,,,,,,,,,,,,,,,,,,,,,,,,,,
,,,,,,,,,,,,,,,,,,,,,,,,,,,,,,,,,,,,,,,,,,,,,,,,,,,,,,,,,,,,,,,,,,,,,,,,,,,,,,,,,,,,,,,,,,,,,,,,,,,,,,,,,,,,,,,,,,,,,,,,,,,,,,,,,,,,,,,,,,,,,,,,,,,,,,,,,,,,,,,,,,,,,,,,,,,,,,,,,,,,,,,,,,,,,,,,,,,,
,,,,,,,,,,,,,,,,,,,,,,,,,,,,,,,,,,,,,,,,,,,,,,,,,,,,,,,,,,,,,,,,,,,,,,,,,,,,,,,,,,,,,,,,,,,,,,,,,,,,,,,,,,,,,,,,,,,,,,,,,,,,,,,,,,,,,,,,,,,,,,,,,,,,,,,,,,,,,,,,,,,,,,,,,,,,,,,,,,,,,,,,,,,,,,,,,,,,
food_establishment_inspections,,facility,address,inspection_date,violation_item,violation_description,critical_violation,num_critical,num_critical_not_corrected,num_noncritical,local_health_department,county,facility_code,city,zipcode,municipality,permit_expiration_date,food_service_type,food_service_description,nys_inspection_id,inspection_type,inspection_comments,latitude,longitude,,,,,,,,,,,,,,,,,,,,,,,,,,,,,,,,,,,,,,,,,,,,,,,,,,,,,,,,,,,,,,,,,,,,,,,,,,,,,,,,,,,,,,,,,,,,,,,,,,,,,,,,,,,,,,,,,,,,,,,,,,,,,,,,,,,,,,,,,,,,,,,,,,,,,,,,,,,,,,,,,,,,,,,,,,,,
,,STEVIE V'S - LA ROSA PIZZERIA,"6318 ROBINSON ROAD,  LOCKPORT",03/17/10,15A,"Floors, walls, ceilings, not smooth, properly constructed, in disrepair, dirty surfaces",Not Critical Violation,0,0,3,Niagara County,NIAGARA,F1130     ,LOCKPORT,14094,LOCKPORT,10/31/18,Food Service Establishment,Restaurant/Catering Operation,286815,Inspection,"Restrooms: OK
Food Testing Thermometers: OK
Coolers/Cold Holds: <45oF
Hot Holds: >140oF
Reheating Temps: >165oF in less than 2 hours
Cooking Temps: OK
Storage: OK
3-Bay: wash>rinse>sanitize (50 ppm Cl-)>air dry: OK
Handwash Stations: OK
Wipe Cloths (100 ppm Cl-): OK
Permit/Choke Poster/CPR Kit: Posted
Hair Restraints: OK
Hand Barriers: OK

Note: Application, Fee, Proofs of Insurance due by 10/31/2017 to avoid 50% late fee.",43.12409,-78.73671,,,,,,,,,,,,,,,,,,,,,,,,,,,,,,,,,,,,,,,,,,,,,,,,,,,,,,,,,,,,,,,,,,,,,,,,,,,,,,,,,,,,,,,,,,,,,,,,,,,,,,,,,,,,,,,,,,,,,,,,,,,,,,,,,,,,,,,,,,,,,,,,,,,,,,,,,,,,,,,,,,,,,,,,,,,,
,,SCOOPS-N-MORE                       ,"90 GLENEIDA AVENUE,  CARMEL",09/15/09,10B,"Non-food contact surfaces and equipment are improperly designed, constructed, installed, maintained (equipment not readily accessible for cleaning, surface not smooth finish)",Not Critical Violation,0,0,1,Putnam County,PUTNAM,39-AD94   ,CARMEL,10512,CARMEL,3/31/18,Food Service Establishment,Restaurant,299840,Inspection,,41.429351,-73.679427,,,,,,,,,,,,,,,,,,,,,,,,,,,,,,,,,,,,,,,,,,,,,,,,,,,,,,,,,,,,,,,,,,,,,,,,,,,,,,,,,,,,,,,,,,,,,,,,,,,,,,,,,,,,,,,,,,,,,,,,,,,,,,,,,,,,,,,,,,,,,,,,,,,,,,,,,,,,,,,,,,,,,,,,,,,,
,,J & B LUNCHEONETTE                  ,"189 ROUTE 9W,  HAVERSTRAW",4/15/10,None,,Not Critical Violation,0,0,0,Rockland County,ROCKLAND,43-4257   ,HAVERSTRAW,10927,HAVERSTRAW,4/30/18,Food Service Establishment,Food Service Establishment,303561,Inspection,,41.198585,-73.981861,,,,,,,,,,,,,,,,,,,,,,,,,,,,,,,,,,,,,,,,,,,,,,,,,,,,,,,,,,,,,,,,,,,,,,,,,,,,,,,,,,,,,,,,,,,,,,,,,,,,,,,,,,,,,,,,,,,,,,,,,,,,,,,,,,,,,,,,,,,,,,,,,,,,,,,,,,,,,,,,,,,,,,,,,,,,
,,STOLTZFUS PASTRIES                  ,"2325  McCULLOCH ROAD,  ROMULUS",12/12/07,None,,Not Critical Violation,0,0,0,Seneca  County,SENECA,49-AB01   ,ROMULUS,14541,VARICK,7/30/18,Food Service Establishment,Bakery,308241,Inspection,,42.786649,-76.809727,,,,,,,,,,,,,,,,,,,,,,,,,,,,,,,,,,,,,,,,,,,,,,,,,,,,,,,,,,,,,,,,,,,,,,,,,,,,,,,,,,,,,,,,,,,,,,,,,,,,,,,,,,,,,,,,,,,,,,,,,,,,,,,,,,,,,,,,,,,,,,,,,,,,,,,,,,,,,,,,,,,,,,,,,,,,
,,BOATYARD GRILL                      ,"525 TAUGHANNOCK BOULEVARD,  ITHACA",8/26/11,None,,Not Critical Violation,0,0,0,Tompkins County,TOMPKINS,54-AH32   ,ITHACA,14850,ITHACA,3/31/18,Food Service Establishment,Restaurant/Catering Operation,313774,Re-Inspection,,42.442929,-76.513121,,,,,,,,,,,,,,,,,,,,,,,,,,,,,,,,,,,,,,,,,,,,,,,,,,,,,,,,,,,,,,,,,,,,,,,,,,,,,,,,,,,,,,,,,,,,,,,,,,,,,,,,,,,,,,,,,,,,,,,,,,,,,,,,,,,,,,,,,,,,,,,,,,,,,,,,,,,,,,,,,,,,,,,,,,,,
,,DUNKIN DONUTS                       ,"571-577 BROADWAY,  KINGSTON",1/26/17,15A,"Floors, walls, ceilings, not smooth, properly constructed, in disrepair, dirty surfaces",Not Critical Violation,0,0,4,Ulster County,ULSTER,55-01145  ,KINGSTON,12401,KINGSTON,2/28/18,Food Service Establishment,Food Service Establishment,316462,Inspection,"Walk in freezer at 0 degrees F.  Handwash station OK.  Discussed proper handwashing, and ill food worker procedures.  Dropped off re-heating and cooling flow chart.",41.928899,-74.002976,,,,,,,,,,,,,,,,,,,,,,,,,,,,,,,,,,,,,,,,,,,,,,,,,,,,,,,,,,,,,,,,,,,,,,,,,,,,,,,,,,,,,,,,,,,,,,,,,,,,,,,,,,,,,,,,,,,,,,,,,,,,,,,,,,,,,,,,,,,,,,,,,,,,,,,,,,,,,,,,,,,,,,,,,,,,
,,"WOODSTOCK CUCINA, LLC               ","109 MILL HILL ROAD,  WOODSTOCK",4/27/15,11C,"Food contact surfaces not washed, rinsed and sanitized after each use and following any time of operations when contamination may have occurred",Not Critical Violation,0,0,9,Ulster County,ULSTER,55-69024  ,WOODSTOCK,12498,WOODSTOCK,2/28/18,Food Service Establishment,Food Service Establishment,317327,Inspection,,42.037124,-74.110615,,,,,,,,,,,,,,,,,,,,,,,,,,,,,,,,,,,,,,,,,,,,,,,,,,,,,,,,,,,,,,,,,,,,,,,,,,,,,,,,,,,,,,,,,,,,,,,,,,,,,,,,,,,,,,,,,,,,,,,,,,,,,,,,,,,,,,,,,,,,,,,,,,,,,,,,,,,,,,,,,,,,,,,,,,,,
,,BREAD ALONE BAKERY                  ,"22 MILL HILL ROAD,  WOODSTOCK",11/12/01,8B,In use food dispensing utensils improperly stored,Not Critical Violation,1,0,4,Ulster County,ULSTER,55-69004  ,WOODSTOCK,12498,WOODSTOCK,2/28/18,Food Service Establishment,Food Service Establishment,316695,Inspection,,42.040633,-74.117516,,,,,,,,,,,,,,,,,,,,,,,,,,,,,,,,,,,,,,,,,,,,,,,,,,,,,,,,,,,,,,,,,,,,,,,,,,,,,,,,,,,,,,,,,,,,,,,,,,,,,,,,,,,,,,,,,,,,,,,,,,,,,,,,,,,,,,,,,,,,,,,,,,,,,,,,,,,,,,,,,,,,,,,,,,,,
,,"BEAR CAFE, THE","295 TINKER STREET,  BEARSVILLE",2/14/13,14A,"Insects, rodents present",Not Critical Violation,0,0,20,Ulster County,ULSTER,55-69022  ,BEARSVILLE,12409,WOODSTOCK,2/28/18,Food Service Establishment,Food Service Establishment,316696,Inspection,,,,,,,,,,,,,,,,,,,,,,,,,,,,,,,,,,,,,,,,,,,,,,,,,,,,,,,,,,,,,,,,,,,,,,,,,,,,,,,,,,,,,,,,,,,,,,,,,,,,,,,,,,,,,,,,,,,,,,,,,,,,,,,,,,,,,,,,,,,,,,,,,,,,,,,,,,,,,,,,,,,,,,,,,,,,,,,
,,TOUCH OF CLASS                      ,"426 NORTH MAIN  STREET,  CANANDAIGUA",1/24/06,None,,Not Critical Violation,,,,Geneva District Office,ONTARIO,34-A027   ,CANANDAIGUA,14424,CANANDAIGUA,4/30/18,Food Service Establishment,Food Service Establishment,420878,Inspection,,42.90089,-77.290872,,,,,,,,,,,,,,,,,,,,,,,,,,,,,,,,,,,,,,,,,,,,,,,,,,,,,,,,,,,,,,,,,,,,,,,,,,,,,,,,,,,,,,,,,,,,,,,,,,,,,,,,,,,,,,,,,,,,,,,,,,,,,,,,,,,,,,,,,,,,,,,,,,,,,,,,,,,,,,,,,,,,,,,,,,,,
,,,,,,,,,,,,,,,,,,,,,,,,,,,,,,,,,,,,,,,,,,,,,,,,,,,,,,,,,,,,,,,,,,,,,,,,,,,,,,,,,,,,,,,,,,,,,,,,,,,,,,,,,,,,,,,,,,,,,,,,,,,,,,,,,,,,,,,,,,,,,,,,,,,,,,,,,,,,,,,,,,,,,,,,,,,,,,,,,,,,,,,,,,,,,,,,,,,,
,,,,,,,,,,,,,,,,,,,,,,,,,,,,,,,,,,,,,,,,,,,,,,,,,,,,,,,,,,,,,,,,,,,,,,,,,,,,,,,,,,,,,,,,,,,,,,,,,,,,,,,,,,,,,,,,,,,,,,,,,,,,,,,,,,,,,,,,,,,,,,,,,,,,,,,,,,,,,,,,,,,,,,,,,,,,,,,,,,,,,,,,,,,,,,,,,,,,
,,,,,,,,,,,,,,,,,,,,,,,,,,,,,,,,,,,,,,,,,,,,,,,,,,,,,,,,,,,,,,,,,,,,,,,,,,,,,,,,,,,,,,,,,,,,,,,,,,,,,,,,,,,,,,,,,,,,,,,,,,,,,,,,,,,,,,,,,,,,,,,,,,,,,,,,,,,,,,,,,,,,,,,,,,,,,,,,,,,,,,,,,,,,,,,,,,,,
community_health,,county_name,health_topic,indicator,event_count,avg_num_of_denominator,unit_measurement,precent_or_rate,low_limit_95p_CI,upp_limit_95p_CI,data_comment,year,data_source,lat_long,,,,,,,,,,,,,,,,,,,,,,,,,,,,,,,,,,,,,,,,,,,,,,,,,,,,,,,,,,,,,,,,,,,,,,,,,,,,,,,,,,,,,,,,,,,,,,,,,,,,,,,,,,,,,,,,,,,,,,,,,,,,,,,,,,,,,,,,,,,,,,,,,,,,,,,,,,,,,,,,,,,,,,,,,,,,,,,,,,,,,,
,,Albany,Family Planning/Natality Indicators,Percentage of births within 24 months of previous pregnancy,2043,3144,Percentage,21.7,,,,2012-2014,"2012-2014 Vital Statistics Data as of May, 2016","(42.678066, -73.814233)",,,,,,,,,,,,,,,,,,,,,,,,,,,,,,,,,,,,,,,,,,,,,,,,,,,,,,,,,,,,,,,,,,,,,,,,,,,,,,,,,,,,,,,,,,,,,,,,,,,,,,,,,,,,,,,,,,,,,,,,,,,,,,,,,,,,,,,,,,,,,,,,,,,,,,,,,,,,,,,,,,,,,,,,,,,,,,,,,,,,,,
,,Allegany,Family Planning/Natality Indicators,Percentage of births within 24 months of previous pregnancy,399,487,Percentage,27.3,,,,2012-2014,"2012-2014 Vital Statistics Data as of May, 2016","(42.226801, -78.020567)",,,,,,,,,,,,,,,,,,,,,,,,,,,,,,,,,,,,,,,,,,,,,,,,,,,,,,,,,,,,,,,,,,,,,,,,,,,,,,,,,,,,,,,,,,,,,,,,,,,,,,,,,,,,,,,,,,,,,,,,,,,,,,,,,,,,,,,,,,,,,,,,,,,,,,,,,,,,,,,,,,,,,,,,,,,,,,,,,,,,,,
,,Bronx,Family Planning/Natality Indicators,Percentage of births within 24 months of previous pregnancy,10032,21249,Percentage,15.7,,,,2012-2014,"2012-2014 Vital Statistics Data as of May, 2016","(40.85589, -73.868294)",,,,,,,,,,,,,,,,,,,,,,,,,,,,,,,,,,,,,,,,,,,,,,,,,,,,,,,,,,,,,,,,,,,,,,,,,,,,,,,,,,,,,,,,,,,,,,,,,,,,,,,,,,,,,,,,,,,,,,,,,,,,,,,,,,,,,,,,,,,,,,,,,,,,,,,,,,,,,,,,,,,,,,,,,,,,,,,,,,,,,,
,,Broome,Family Planning/Natality Indicators,Percentage of births within 24 months of previous pregnancy,1654,2083,Percentage,26.5,,,,2012-2014,"2012-2014 Vital Statistics Data as of May, 2016","(42.122015, -75.933191)",,,,,,,,,,,,,,,,,,,,,,,,,,,,,,,,,,,,,,,,,,,,,,,,,,,,,,,,,,,,,,,,,,,,,,,,,,,,,,,,,,,,,,,,,,,,,,,,,,,,,,,,,,,,,,,,,,,,,,,,,,,,,,,,,,,,,,,,,,,,,,,,,,,,,,,,,,,,,,,,,,,,,,,,,,,,,,,,,,,,,,
,,Capital Region,Family Planning/Natality Indicators,Percentage of births within 24 months of previous pregnancy,6273,9774,Percentage,21.4,,,,2012-2014,"2012-2014 Vital Statistics Data as of May, 2016",,,,,,,,,,,,,,,,,,,,,,,,,,,,,,,,,,,,,,,,,,,,,,,,,,,,,,,,,,,,,,,,,,,,,,,,,,,,,,,,,,,,,,,,,,,,,,,,,,,,,,,,,,,,,,,,,,,,,,,,,,,,,,,,,,,,,,,,,,,,,,,,,,,,,,,,,,,,,,,,,,,,,,,,,,,,,,,,,,,,,,,
,,Cattaraugus,Family Planning/Natality Indicators,Percentage of births within 24 months of previous pregnancy,597,915,Percentage,21.7,,,,2012-2014,"2012-2014 Vital Statistics Data as of May, 2016","(42.224267, -78.606673)",,,,,,,,,,,,,,,,,,,,,,,,,,,,,,,,,,,,,,,,,,,,,,,,,,,,,,,,,,,,,,,,,,,,,,,,,,,,,,,,,,,,,,,,,,,,,,,,,,,,,,,,,,,,,,,,,,,,,,,,,,,,,,,,,,,,,,,,,,,,,,,,,,,,,,,,,,,,,,,,,,,,,,,,,,,,,,,,,,,,,,
,,Cayuga,Family Planning/Natality Indicators,Percentage of births within 24 months of previous pregnancy,600,774,Percentage,25.8,,,,2012-2014,"2012-2014 Vital Statistics Data as of May, 2016","(42.940095, -76.560755)",,,,,,,,,,,,,,,,,,,,,,,,,,,,,,,,,,,,,,,,,,,,,,,,,,,,,,,,,,,,,,,,,,,,,,,,,,,,,,,,,,,,,,,,,,,,,,,,,,,,,,,,,,,,,,,,,,,,,,,,,,,,,,,,,,,,,,,,,,,,,,,,,,,,,,,,,,,,,,,,,,,,,,,,,,,,,,,,,,,,,,
,,Central NY,Family Planning/Natality Indicators,Percentage of births within 24 months of previous pregnancy,8201,11085,Percentage,24.7,,,,2012-2014,"2012-2014 Vital Statistics Data as of May, 2016",,,,,,,,,,,,,,,,,,,,,,,,,,,,,,,,,,,,,,,,,,,,,,,,,,,,,,,,,,,,,,,,,,,,,,,,,,,,,,,,,,,,,,,,,,,,,,,,,,,,,,,,,,,,,,,,,,,,,,,,,,,,,,,,,,,,,,,,,,,,,,,,,,,,,,,,,,,,,,,,,,,,,,,,,,,,,,,,,,,,,,,
,,Chautauqua,Family Planning/Natality Indicators,Percentage of births within 24 months of previous pregnancy,1055,1408,Percentage,25,,,,2012-2014,"2012-2014 Vital Statistics Data as of May, 2016","(42.246904, -79.315313)",,,,,,,,,,,,,,,,,,,,,,,,,,,,,,,,,,,,,,,,,,,,,,,,,,,,,,,,,,,,,,,,,,,,,,,,,,,,,,,,,,,,,,,,,,,,,,,,,,,,,,,,,,,,,,,,,,,,,,,,,,,,,,,,,,,,,,,,,,,,,,,,,,,,,,,,,,,,,,,,,,,,,,,,,,,,,,,,,,,,,,
,,Chemung,Family Planning/Natality Indicators,Percentage of births within 24 months of previous pregnancy,823,986,Percentage,27.8,,,,2012-2014,"2012-2014 Vital Statistics Data as of May, 2016","(42.116644, -76.812331)",,,,,,,,,,,,,,,,,,,,,,,,,,,,,,,,,,,,,,,,,,,,,,,,,,,,,,,,,,,,,,,,,,,,,,,,,,,,,,,,,,,,,,,,,,,,,,,,,,,,,,,,,,,,,,,,,,,,,,,,,,,,,,,,,,,,,,,,,,,,,,,,,,,,,,,,,,,,,,,,,,,,,,,,,,,,,,,,,,,,,,
,,,,,,,,,,,,,,,,,,,,,,,,,,,,,,,,,,,,,,,,,,,,,,,,,,,,,,,,,,,,,,,,,,,,,,,,,,,,,,,,,,,,,,,,,,,,,,,,,,,,,,,,,,,,,,,,,,,,,,,,,,,,,,,,,,,,,,,,,,,,,,,,,,,,,,,,,,,,,,,,,,,,,,,,,,,,,,,,,,,,,,,,,,,,,,,,,,,,
,,,,,,,,,,,,,,,,,,,,,,,,,,,,,,,,,,,,,,,,,,,,,,,,,,,,,,,,,,,,,,,,,,,,,,,,,,,,,,,,,,,,,,,,,,,,,,,,,,,,,,,,,,,,,,,,,,,,,,,,,,,,,,,,,,,,,,,,,,,,,,,,,,,,,,,,,,,,,,,,,,,,,,,,,,,,,,,,,,,,,,,,,,,,,,,,,,,,
,,,,,,,,,,,,,,,,,,,,,,,,,,,,,,,,,,,,,,,,,,,,,,,,,,,,,,,,,,,,,,,,,,,,,,,,,,,,,,,,,,,,,,,,,,,,,,,,,,,,,,,,,,,,,,,,,,,,,,,,,,,,,,,,,,,,,,,,,,,,,,,,,,,,,,,,,,,,,,,,,,,,,,,,,,,,,,,,,,,,,,,,,,,,,,,,,,,,
demographics_state,,year,geography,total_households,"$9,999_or_less","$10,000_to_$14,999","$15,000_to_$24,999","$25,000_to_$34,999","$35,000_to_$49,999","$50,000_to_$74,999","$75,000_to_$99,999","$100,000_to_$150,000","$150,000_to_$199,999","$200,000_or_more",median_household_income,mean_household_income,mean_earnings,mean_soc_sec,mean_ret_income,mean_supp_sec_income,mean_cash_pub_income,food_stamp_benefits,population,pop_w_health_insurance,pop_w_private_health,pop_w_public_coverage,pop_no_health_insurance,,,,,,,,,,,,,,,,,,,,,,,,,,,,,,,,,,,,,,,,,,,,,,,,,,,,,,,,,,,,,,,,,,,,,,,,,,,,,,,,,,,,,,,,,,,,,,,,,,,,,,,,,,,,,,,,,,,,,,,,,,,,,,,,,,,,,,,,,,,,,,,,,,,,,,,,,,,,,,,,,,,,,,,,,
,,2016,New York,7266187,556825,373344,691781,632230,832804,1177356,865492,1062251,489214,584890,60741,89397,93924,18381,26534,9366,3825,1118434,19453583,17785491,12842299,7134416,1668092,,,,,,,,,,,,,,,,,,,,,,,,,,,,,,,,,,,,,,,,,,,,,,,,,,,,,,,,,,,,,,,,,,,,,,,,,,,,,,,,,,,,,,,,,,,,,,,,,,,,,,,,,,,,,,,,,,,,,,,,,,,,,,,,,,,,,,,,,,,,,,,,,,,,,,,,,,,,,,,,,,,,,,,,,
,,2016,"Albany County, New York",124108,7606,6285,11507,10845,14900,22510,16017,19466,8093,6879,60904,81603,83232,19131,29496,9341,3743,14305,304048,287725,237720,93742,16323,,,,,,,,,,,,,,,,,,,,,,,,,,,,,,,,,,,,,,,,,,,,,,,,,,,,,,,,,,,,,,,,,,,,,,,,,,,,,,,,,,,,,,,,,,,,,,,,,,,,,,,,,,,,,,,,,,,,,,,,,,,,,,,,,,,,,,,,,,,,,,,,,,,,,,,,,,,,,,,,,,,,,,,,,
,,2016,"Allegany County, New York",18032,1282,1193,2308,2110,3196,3521,2277,1604,320,221,44085,54958,54495,17561,19662,9160,3220,2872,47207,43052,32118,18423,4155,,,,,,,,,,,,,,,,,,,,,,,,,,,,,,,,,,,,,,,,,,,,,,,,,,,,,,,,,,,,,,,,,,,,,,,,,,,,,,,,,,,,,,,,,,,,,,,,,,,,,,,,,,,,,,,,,,,,,,,,,,,,,,,,,,,,,,,,,,,,,,,,,,,,,,,,,,,,,,,,,,,,,,,,,
,,2016,"Bronx County, New York",490740,76719,45398,66942,54687,65338,74323,44111,40947,12865,9410,35302,51445,57317,14211,20862,8885,3598,179811,1414859,1240816,615421,754030,174043,,,,,,,,,,,,,,,,,,,,,,,,,,,,,,,,,,,,,,,,,,,,,,,,,,,,,,,,,,,,,,,,,,,,,,,,,,,,,,,,,,,,,,,,,,,,,,,,,,,,,,,,,,,,,,,,,,,,,,,,,,,,,,,,,,,,,,,,,,,,,,,,,,,,,,,,,,,,,,,,,,,,,,,,,
,,2016,"Broome County, New York",78738,6134,4972,10079,8560,11189,14361,9432,9066,2742,2203,47744,63302,64554,18249,22972,9310,3492,12867,194413,183183,134119,78559,11230,,,,,,,,,,,,,,,,,,,,,,,,,,,,,,,,,,,,,,,,,,,,,,,,,,,,,,,,,,,,,,,,,,,,,,,,,,,,,,,,,,,,,,,,,,,,,,,,,,,,,,,,,,,,,,,,,,,,,,,,,,,,,,,,,,,,,,,,,,,,,,,,,,,,,,,,,,,,,,,,,,,,,,,,,
,,2016,"Cattaraugus County, New York",31502,2078,2224,4272,4040,4828,6134,3562,3288,695,381,43884,55632,56502,17614,18700,9342,2879,5588,77748,70680,52874,31778,7068,,,,,,,,,,,,,,,,,,,,,,,,,,,,,,,,,,,,,,,,,,,,,,,,,,,,,,,,,,,,,,,,,,,,,,,,,,,,,,,,,,,,,,,,,,,,,,,,,,,,,,,,,,,,,,,,,,,,,,,,,,,,,,,,,,,,,,,,,,,,,,,,,,,,,,,,,,,,,,,,,,,,,,,,,
,,2016,"Cayuga County, New York",31039,1837,1441,3388,3243,4696,6474,3873,4266,1153,668,53114,65579,66822,18117,20376,10148,2977,3990,75490,69987,54479,28127,5503,,,,,,,,,,,,,,,,,,,,,,,,,,,,,,,,,,,,,,,,,,,,,,,,,,,,,,,,,,,,,,,,,,,,,,,,,,,,,,,,,,,,,,,,,,,,,,,,,,,,,,,,,,,,,,,,,,,,,,,,,,,,,,,,,,,,,,,,,,,,,,,,,,,,,,,,,,,,,,,,,,,,,,,,,
,,2016,"Chautauqua County, New York",52718,4465,3738,7164,6183,8305,9720,6256,4904,1227,756,43211,55820,56322,18130,22205,9517,4112,9948,129115,120020,84854,55397,9095,,,,,,,,,,,,,,,,,,,,,,,,,,,,,,,,,,,,,,,,,,,,,,,,,,,,,,,,,,,,,,,,,,,,,,,,,,,,,,,,,,,,,,,,,,,,,,,,,,,,,,,,,,,,,,,,,,,,,,,,,,,,,,,,,,,,,,,,,,,,,,,,,,,,,,,,,,,,,,,,,,,,,,,,,
,,2016,"Chemung County, New York",34887,2654,2172,4466,3598,4686,6739,4080,4230,1307,955,49578,64475,67328,17696,21358,9367,3057,5546,84179,78837,57033,34418,5342,,,,,,,,,,,,,,,,,,,,,,,,,,,,,,,,,,,,,,,,,,,,,,,,,,,,,,,,,,,,,,,,,,,,,,,,,,,,,,,,,,,,,,,,,,,,,,,,,,,,,,,,,,,,,,,,,,,,,,,,,,,,,,,,,,,,,,,,,,,,,,,,,,,,,,,,,,,,,,,,,,,,,,,,,
,,2016,"Chenango County, New York",19837,1436,1314,2723,2162,2904,3943,2432,2145,499,279,46979,57930,59495,17340,18547,10469,3175,3582,48706,45351,32765,20763,3355,,,,,,,,,,,,,,,,,,,,,,,,,,,,,,,,,,,,,,,,,,,,,,,,,,,,,,,,,,,,,,,,,,,,,,,,,,,,,,,,,,,,,,,,,,,,,,,,,,,,,,,,,,,,,,,,,,,,,,,,,,,,,,,,,,,,,,,,,,,,,,,,,,,,,,,,,,,,,,,,,,,,,,,,,
,,,,,,,,,,,,,,,,,,,,,,,,,,,,,,,,,,,,,,,,,,,,,,,,,,,,,,,,,,,,,,,,,,,,,,,,,,,,,,,,,,,,,,,,,,,,,,,,,,,,,,,,,,,,,,,,,,,,,,,,,,,,,,,,,,,,,,,,,,,,,,,,,,,,,,,,,,,,,,,,,,,,,,,,,,,,,,,,,,,,,,,,,,,,,,,,,,,,
,,,,,,,,,,,,,,,,,,,,,,,,,,,,,,,,,,,,,,,,,,,,,,,,,,,,,,,,,,,,,,,,,,,,,,,,,,,,,,,,,,,,,,,,,,,,,,,,,,,,,,,,,,,,,,,,,,,,,,,,,,,,,,,,,,,,,,,,,,,,,,,,,,,,,,,,,,,,,,,,,,,,,,,,,,,,,,,,,,,,,,,,,,,,,,,,,,,,
,,,,,,,,,,,,,,,,,,,,,,,,,,,,,,,,,,,,,,,,,,,,,,,,,,,,,,,,,,,,,,,,,,,,,,,,,,,,,,,,,,,,,,,,,,,,,,,,,,,,,,,,,,,,,,,,,,,,,,,,,,,,,,,,,,,,,,,,,,,,,,,,,,,,,,,,,,,,,,,,,,,,,,,,,,,,,,,,,,,,,,,,,,,,,,,,,,,,
demographics_city,,nta_name,borough,nta_code,population,under_5_years,5-9_years,10-14_years,15-19_years,20-24_years,25-29_years,30-34_years,35-39_years,40-44_years,45-49_years,50-54_years,55-59_years,60-64_years,over_65_years,median_age,people_per_acre,households,"less_than_10,000",10000_to_14999,15000_to_24999,25000_to_34999,35000_to_49999,50000_to_74999,75000_to_99999,100000_to_149999,150000_to_199999,200000_or_more,median_income,mean_income,,,,,,,,,,,,,,,,,,,,,,,,,,,,,,,,,,,,,,,,,,,,,,,,,,,,,,,,,,,,,,,,,,,,,,,,,,,,,,,,,,,,,,,,,,,,,,,,,,,,,,,,,,,,,,,,,,,,,,,,,,,,,,,,,,,,,,,,,,,,,,,,,,,,,,,,,,,,,,,,,,
,,Allerton-Pelham Gardens,Bronx,BX31,28903,1679,1706,1763,2039,1964,1703,1798,1654,1937,2203,2027,1785,1619,5026,40,39.8,9587,836,348,797,773,1160,1764,1155,1562,765,427,61638,78489,,,,,,,,,,,,,,,,,,,,,,,,,,,,,,,,,,,,,,,,,,,,,,,,,,,,,,,,,,,,,,,,,,,,,,,,,,,,,,,,,,,,,,,,,,,,,,,,,,,,,,,,,,,,,,,,,,,,,,,,,,,,,,,,,,,,,,,,,,,,,,,,,,,,,,,,,,,,,,,,,,
,,Annadale-Huguenot-Prince's Bay-Eltingville,Staten Island,SI01,27770,1397,1698,1817,1880,1720,1594,1487,1814,2073,2274,2246,1961,1869,3940,41,8.4,9885,467,253,571,405,1008,1523,1346,2075,1086,1151,88288,109187,,,,,,,,,,,,,,,,,,,,,,,,,,,,,,,,,,,,,,,,,,,,,,,,,,,,,,,,,,,,,,,,,,,,,,,,,,,,,,,,,,,,,,,,,,,,,,,,,,,,,,,,,,,,,,,,,,,,,,,,,,,,,,,,,,,,,,,,,,,,,,,,,,,,,,,,,,,,,,,,,,
,,Arden Heights,Staten Island,SI48,25238,1507,1540,1596,1752,1614,1561,1726,1828,1914,1892,1910,1945,1763,2690,39,21.8,8960,304,256,337,516,707,1421,1611,2021,1047,740,89570,101627,,,,,,,,,,,,,,,,,,,,,,,,,,,,,,,,,,,,,,,,,,,,,,,,,,,,,,,,,,,,,,,,,,,,,,,,,,,,,,,,,,,,,,,,,,,,,,,,,,,,,,,,,,,,,,,,,,,,,,,,,,,,,,,,,,,,,,,,,,,,,,,,,,,,,,,,,,,,,,,,,,
,,Astoria,Queens,QN70,78793,3480,3037,3060,3392,6630,11586,9252,6843,5633,4944,4599,4018,3373,8946,34,87.3,34310,2772,1782,3673,2816,4725,6463,4557,4698,1627,1197,54882,70094,,,,,,,,,,,,,,,,,,,,,,,,,,,,,,,,,,,,,,,,,,,,,,,,,,,,,,,,,,,,,,,,,,,,,,,,,,,,,,,,,,,,,,,,,,,,,,,,,,,,,,,,,,,,,,,,,,,,,,,,,,,,,,,,,,,,,,,,,,,,,,,,,,,,,,,,,,,,,,,,,,
,,Auburndale,Queens,QN48,19996,917,966,1063,1168,1214,1307,1296,1336,1451,1557,1659,1560,1326,3176,43,25.5,7122,270,349,445,632,690,1417,1060,1237,589,433,70772,84402,,,,,,,,,,,,,,,,,,,,,,,,,,,,,,,,,,,,,,,,,,,,,,,,,,,,,,,,,,,,,,,,,,,,,,,,,,,,,,,,,,,,,,,,,,,,,,,,,,,,,,,,,,,,,,,,,,,,,,,,,,,,,,,,,,,,,,,,,,,,,,,,,,,,,,,,,,,,,,,,,,
,,Baisley Park,Queens,QN76,34603,2198,2389,2569,2923,2699,2430,2264,2191,2414,2763,2585,2013,1469,3696,35,35.7,10730,637,385,820,941,1575,2186,1532,1718,629,307,59357,72664,,,,,,,,,,,,,,,,,,,,,,,,,,,,,,,,,,,,,,,,,,,,,,,,,,,,,,,,,,,,,,,,,,,,,,,,,,,,,,,,,,,,,,,,,,,,,,,,,,,,,,,,,,,,,,,,,,,,,,,,,,,,,,,,,,,,,,,,,,,,,,,,,,,,,,,,,,,,,,,,,,
,,Bath Beach,Brooklyn,BK27,29931,1766,1668,1672,1581,1922,2234,2308,2241,2006,2080,2097,1930,1653,4773,39,62.3,11125,897,768,1091,932,1407,2016,1176,1606,711,521,55193,76037,,,,,,,,,,,,,,,,,,,,,,,,,,,,,,,,,,,,,,,,,,,,,,,,,,,,,,,,,,,,,,,,,,,,,,,,,,,,,,,,,,,,,,,,,,,,,,,,,,,,,,,,,,,,,,,,,,,,,,,,,,,,,,,,,,,,,,,,,,,,,,,,,,,,,,,,,,,,,,,,,,
,,Battery Park City-Lower Manhattan,Manhattan,MN25,39699,2272,1055,691,1453,5203,7559,5978,4206,2823,1945,1589,1398,1182,2345,31,82.7,21216,1197,420,800,609,960,1909,2416,3878,2377,6650,125434,185275,,,,,,,,,,,,,,,,,,,,,,,,,,,,,,,,,,,,,,,,,,,,,,,,,,,,,,,,,,,,,,,,,,,,,,,,,,,,,,,,,,,,,,,,,,,,,,,,,,,,,,,,,,,,,,,,,,,,,,,,,,,,,,,,,,,,,,,,,,,,,,,,,,,,,,,,,,,,,,,,,,
,,Bay Ridge,Brooklyn,BK31,78607,4571,3998,3772,3802,4700,7214,6738,6207,5718,5618,5541,5090,4340,11298,39,50.5,34991,2654,1864,3575,3067,4056,5848,4154,4869,2498,2406,57980,82209,,,,,,,,,,,,,,,,,,,,,,,,,,,,,,,,,,,,,,,,,,,,,,,,,,,,,,,,,,,,,,,,,,,,,,,,,,,,,,,,,,,,,,,,,,,,,,,,,,,,,,,,,,,,,,,,,,,,,,,,,,,,,,,,,,,,,,,,,,,,,,,,,,,,,,,,,,,,,,,,,,
,,Bayside-Bayside Hills,Queens,QN46,43808,2106,2199,2353,2694,2504,2832,2935,3014,3158,3569,3531,3197,2698,7018,42,23.6,16008,578,494,1284,1073,1680,2506,2360,3047,1710,1276,79120,94806,,,,,,,,,,,,,,,,,,,,,,,,,,,,,,,,,,,,,,,,,,,,,,,,,,,,,,,,,,,,,,,,,,,,,,,,,,,,,,,,,,,,,,,,,,,,,,,,,,,,,,,,,,,,,,,,,,,,,,,,,,,,,,,,,,,,,,,,,,,,,,,,,,,,,,,,,,,,,,,,,,
,,,,,,,,,,,,,,,,,,,,,,,,,,,,,,,,,,,,,,,,,,,,,,,,,,,,,,,,,,,,,,,,,,,,,,,,,,,,,,,,,,,,,,,,,,,,,,,,,,,,,,,,,,,,,,,,,,,,,,,,,,,,,,,,,,,,,,,,,,,,,,,,,,,,,,,,,,,,,,,,,,,,,,,,,,,,,,,,,,,,,,,,,,,,,,,,,,,,
,,,,,,,,,,,,,,,,,,,,,,,,,,,,,,,,,,,,,,,,,,,,,,,,,,,,,,,,,,,,,,,,,,,,,,,,,,,,,,,,,,,,,,,,,,,,,,,,,,,,,,,,,,,,,,,,,,,,,,,,,,,,,,,,,,,,,,,,,,,,,,,,,,,,,,,,,,,,,,,,,,,,,,,,,,,,,,,,,,,,,,,,,,,,,,,,,,,,
,,,,,,,,,,,,,,,,,,,,,,,,,,,,,,,,,,,,,,,,,,,,,,,,,,,,,,,,,,,,,,,,,,,,,,,,,,,,,,,,,,,,,,,,,,,,,,,,,,,,,,,,,,,,,,,,,,,,,,,,,,,,,,,,,,,,,,,,,,,,,,,,,,,,,,,,,,,,,,,,,,,,,,,,,,,,,,,,,,,,,,,,,,,,,,,,,,,,
environmental_radiation,,location_code,sample_type,sample_location,sampling_freq,sampling_date,isotope_name,value,units,graph_value,comment,,,,,,,,,,,,,,,,,,,,,,,,,,,,,,,,,,,,,,,,,,,,,,,,,,,,,,,,,,,,,,,,,,,,,,,,,,,,,,,,,,,,,,,,,,,,,,,,,,,,,,,,,,,,,,,,,,,,,,,,,,,,,,,,,,,,,,,,,,,,,,,,,,,,,,,,,,,,,,,,,,,,,,,,,,,,,,,,,,,,,,,,,
,,5151-001,AIR,"BROOKHAVEN NAT'L LAB PERIMETER, STATION P-7",WEEKLY,2014-12-29,GROSS BETA,6.4+/-1.1,pCi/1000M3,6.4,,,,,,,,,,,,,,,,,,,,,,,,,,,,,,,,,,,,,,,,,,,,,,,,,,,,,,,,,,,,,,,,,,,,,,,,,,,,,,,,,,,,,,,,,,,,,,,,,,,,,,,,,,,,,,,,,,,,,,,,,,,,,,,,,,,,,,,,,,,,,,,,,,,,,,,,,,,,,,,,,,,,,,,,,,,,,,,,,,,,,,,,,,
,,5151-001,AIR,"BROOKHAVEN NAT'L LAB PERIMETER, STATION P-7",WEEKLY,2015-01-05,GROSS BETA,11.1+/-1.4,pCi/1000M3,11.1,,,,,,,,,,,,,,,,,,,,,,,,,,,,,,,,,,,,,,,,,,,,,,,,,,,,,,,,,,,,,,,,,,,,,,,,,,,,,,,,,,,,,,,,,,,,,,,,,,,,,,,,,,,,,,,,,,,,,,,,,,,,,,,,,,,,,,,,,,,,,,,,,,,,,,,,,,,,,,,,,,,,,,,,,,,,,,,,,,,,,,,,,,
,,5151-001,AIR,"BROOKHAVEN NAT'L LAB PERIMETER, STATION P-7",WEEKLY,2015-01-12,GROSS BETA,13+/-1.6,pCi/1000M3,13,,,,,,,,,,,,,,,,,,,,,,,,,,,,,,,,,,,,,,,,,,,,,,,,,,,,,,,,,,,,,,,,,,,,,,,,,,,,,,,,,,,,,,,,,,,,,,,,,,,,,,,,,,,,,,,,,,,,,,,,,,,,,,,,,,,,,,,,,,,,,,,,,,,,,,,,,,,,,,,,,,,,,,,,,,,,,,,,,,,,,,,,,,
,,5151-001,AIR,"BROOKHAVEN NAT'L LAB PERIMETER, STATION P-7",WEEKLY,2015-01-19,GROSS BETA,11.3+/-1.5,pCi/1000M3,11.3,,,,,,,,,,,,,,,,,,,,,,,,,,,,,,,,,,,,,,,,,,,,,,,,,,,,,,,,,,,,,,,,,,,,,,,,,,,,,,,,,,,,,,,,,,,,,,,,,,,,,,,,,,,,,,,,,,,,,,,,,,,,,,,,,,,,,,,,,,,,,,,,,,,,,,,,,,,,,,,,,,,,,,,,,,,,,,,,,,,,,,,,,,
,,5151-001,AIR,"BROOKHAVEN NAT'L LAB PERIMETER, STATION P-7",WEEKLY,2015-01-29,GROSS BETA,11+/-1.2,pCi/1000M3,11,,,,,,,,,,,,,,,,,,,,,,,,,,,,,,,,,,,,,,,,,,,,,,,,,,,,,,,,,,,,,,,,,,,,,,,,,,,,,,,,,,,,,,,,,,,,,,,,,,,,,,,,,,,,,,,,,,,,,,,,,,,,,,,,,,,,,,,,,,,,,,,,,,,,,,,,,,,,,,,,,,,,,,,,,,,,,,,,,,,,,,,,,,
,,5151-001,AIR,"BROOKHAVEN NAT'L LAB PERIMETER, STATION P-7",WEEKLY,2015-02-02,GROSS BETA,9.5+/-1.8,pCi/1000M3,9.5,,,,,,,,,,,,,,,,,,,,,,,,,,,,,,,,,,,,,,,,,,,,,,,,,,,,,,,,,,,,,,,,,,,,,,,,,,,,,,,,,,,,,,,,,,,,,,,,,,,,,,,,,,,,,,,,,,,,,,,,,,,,,,,,,,,,,,,,,,,,,,,,,,,,,,,,,,,,,,,,,,,,,,,,,,,,,,,,,,,,,,,,,,
,,5151-001,AIR,"BROOKHAVEN NAT'L LAB PERIMETER, STATION P-7",WEEKLY,2015-02-09,GROSS BETA,13.7+/-1.6,pCi/1000M3,13.7,,,,,,,,,,,,,,,,,,,,,,,,,,,,,,,,,,,,,,,,,,,,,,,,,,,,,,,,,,,,,,,,,,,,,,,,,,,,,,,,,,,,,,,,,,,,,,,,,,,,,,,,,,,,,,,,,,,,,,,,,,,,,,,,,,,,,,,,,,,,,,,,,,,,,,,,,,,,,,,,,,,,,,,,,,,,,,,,,,,,,,,,,,
,,5151-001,AIR,"BROOKHAVEN NAT'L LAB PERIMETER, STATION P-7",WEEKLY,2015-02-17,GROSS BETA,14+/-1.6,pCi/1000M3,14,,,,,,,,,,,,,,,,,,,,,,,,,,,,,,,,,,,,,,,,,,,,,,,,,,,,,,,,,,,,,,,,,,,,,,,,,,,,,,,,,,,,,,,,,,,,,,,,,,,,,,,,,,,,,,,,,,,,,,,,,,,,,,,,,,,,,,,,,,,,,,,,,,,,,,,,,,,,,,,,,,,,,,,,,,,,,,,,,,,,,,,,,,
,,5151-001,AIR,"BROOKHAVEN NAT'L LAB PERIMETER, STATION P-7",WEEKLY,2015-02-24,GROSS BETA,16+/-2,pCi/1000M3,16,,,,,,,,,,,,,,,,,,,,,,,,,,,,,,,,,,,,,,,,,,,,,,,,,,,,,,,,,,,,,,,,,,,,,,,,,,,,,,,,,,,,,,,,,,,,,,,,,,,,,,,,,,,,,,,,,,,,,,,,,,,,,,,,,,,,,,,,,,,,,,,,,,,,,,,,,,,,,,,,,,,,,,,,,,,,,,,,,,,,,,,,,,
,,5151-001,AIR,"BROOKHAVEN NAT'L LAB PERIMETER, STATION P-7",WEEKLY,2015-03-03,GROSS BETA,18+/-2,pCi/1000M3,18,,,,,,,,,,,,,,,,,,,,,,,,,,,,,,,,,,,,,,,,,,,,,,,,,,,,,,,,,,,,,,,,,,,,,,,,,,,,,,,,,,,,,,,,,,,,,,,,,,,,,,,,,,,,,,,,,,,,,,,,,,,,,,,,,,,,,,,,,,,,,,,,,,,,,,,,,,,,,,,,,,,,,,,,,,,,,,,,,,,,,,,,,,
,,,,,,,,,,,,,,,,,,,,,,,,,,,,,,,,,,,,,,,,,,,,,,,,,,,,,,,,,,,,,,,,,,,,,,,,,,,,,,,,,,,,,,,,,,,,,,,,,,,,,,,,,,,,,,,,,,,,,,,,,,,,,,,,,,,,,,,,,,,,,,,,,,,,,,,,,,,,,,,,,,,,,,,,,,,,,,,,,,,,,,,,,,,,,,,,,,,,
,,,,,,,,,,,,,,,,,,,,,,,,,,,,,,,,,,,,,,,,,,,,,,,,,,,,,,,,,,,,,,,,,,,,,,,,,,,,,,,,,,,,,,,,,,,,,,,,,,,,,,,,,,,,,,,,,,,,,,,,,,,,,,,,,,,,,,,,,,,,,,,,,,,,,,,,,,,,,,,,,,,,,,,,,,,,,,,,,,,,,,,,,,,,,,,,,,,,
,,,,,,,,,,,,,,,,,,,,,,,,,,,,,,,,,,,,,,,,,,,,,,,,,,,,,,,,,,,,,,,,,,,,,,,,,,,,,,,,,,,,,,,,,,,,,,,,,,,,,,,,,,,,,,,,,,,,,,,,,,,,,,,,,,,,,,,,,,,,,,,,,,,,,,,,,,,,,,,,,,,,,,,,,,,,,,,,,,,,,,,,,,,,,,,,,,,,
food_establishment_inspections_city,,name,borough,street_name,zipcode,phone,cuisine,date_inspection,action,violation_code,description_violation,crit_or_noncrit,score,grade,grade_date,inspection_type,,,,,,,,,,,,,,,,,,,,,,,,,,,,,,,,,,,,,,,,,,,,,,,,,,,,,,,,,,,,,,,,,,,,,,,,,,,,,,,,,,,,,,,,,,,,,,,,,,,,,,,,,,,,,,,,,,,,,,,,,,,,,,,,,,,,,,,,,,,,,,,,,,,,,,,,,,,,,,,,,,,,,,,,,,,,,,,,,,,,
,,THE OLD SIAM RESTAURANT AND BAR,QUEENS,AUSTIN ST,11375,7185446444,Thai,10/20/15,Violations were cited in the following area(s).,06C,"Food not protected from potential source of contamination during storage, preparation, transportation, display or service.",Critical,10,A,10/20/15,Cycle Inspection / Initial Inspection,,,,,,,,,,,,,,,,,,,,,,,,,,,,,,,,,,,,,,,,,,,,,,,,,,,,,,,,,,,,,,,,,,,,,,,,,,,,,,,,,,,,,,,,,,,,,,,,,,,,,,,,,,,,,,,,,,,,,,,,,,,,,,,,,,,,,,,,,,,,,,,,,,,,,,,,,,,,,,,,,,,,,,,,,,,,,,,,,,,,
,,DANNY'S PIZZERIA & CAFE,BROOKLYN,BUSHWICK AVENUE,11206,7183811669,Pizza/Italian,12/16/07,Violations were cited in the following area(s).,10H,Proper sanitization not provided for utensil ware washing operation.,Not Critical,25,,,Cycle Inspection / Initial Inspection,,,,,,,,,,,,,,,,,,,,,,,,,,,,,,,,,,,,,,,,,,,,,,,,,,,,,,,,,,,,,,,,,,,,,,,,,,,,,,,,,,,,,,,,,,,,,,,,,,,,,,,,,,,,,,,,,,,,,,,,,,,,,,,,,,,,,,,,,,,,,,,,,,,,,,,,,,,,,,,,,,,,,,,,,,,,,,,,,,,,
,,CLUB 101,MANHATTAN,PARK AVENUE,10178,2128180263,American,10/16/05,Violations were cited in the following area(s).,04L,Evidence of mice or live mice present in facility's food and/or non-food areas.,Critical,11,A,10/16/05,Cycle Inspection / Initial Inspection,,,,,,,,,,,,,,,,,,,,,,,,,,,,,,,,,,,,,,,,,,,,,,,,,,,,,,,,,,,,,,,,,,,,,,,,,,,,,,,,,,,,,,,,,,,,,,,,,,,,,,,,,,,,,,,,,,,,,,,,,,,,,,,,,,,,,,,,,,,,,,,,,,,,,,,,,,,,,,,,,,,,,,,,,,,,,,,,,,,,
,,PRONTO RESTAURANT,STATEN ISLAND,RICHMOND AVENUE,10312,7183562442,Pizza/Italian,02/16/11,Violations were cited in the following area(s).,02B,Hot food item not held at or above 140å¼ F.,Critical,11,A,02/16/11,Cycle Inspection / Initial Inspection,,,,,,,,,,,,,,,,,,,,,,,,,,,,,,,,,,,,,,,,,,,,,,,,,,,,,,,,,,,,,,,,,,,,,,,,,,,,,,,,,,,,,,,,,,,,,,,,,,,,,,,,,,,,,,,,,,,,,,,,,,,,,,,,,,,,,,,,,,,,,,,,,,,,,,,,,,,,,,,,,,,,,,,,,,,,,,,,,,,,
,,GOOD SHEPHERD SERVICES BRONX DJJ,BRONX,UNIVERSITY AVENUE,10453,7185610251,American,08/17/02,Violations were cited in the following area(s).,04J,"Appropriately scaled metal stem-type thermometer or thermocouple not provided or used to evaluate temperatures of potentially hazardous foods during cooking, cooling, reheating and holding.",Critical,20,,,Cycle Inspection / Initial Inspection,,,,,,,,,,,,,,,,,,,,,,,,,,,,,,,,,,,,,,,,,,,,,,,,,,,,,,,,,,,,,,,,,,,,,,,,,,,,,,,,,,,,,,,,,,,,,,,,,,,,,,,,,,,,,,,,,,,,,,,,,,,,,,,,,,,,,,,,,,,,,,,,,,,,,,,,,,,,,,,,,,,,,,,,,,,,,,,,,,,,
,,LUNT FONTANNE THEATER,MANHATTAN,WEST   46 STREET,10036,2123544624,American,5/30/18,Violations were cited in the following area(s).,06D,"Food contact surface not properly washed, rinsed and sanitized after each use and following any activity when contamination may have occurred.",Critical,7,A,5/30/18,Cycle Inspection / Initial Inspection,,,,,,,,,,,,,,,,,,,,,,,,,,,,,,,,,,,,,,,,,,,,,,,,,,,,,,,,,,,,,,,,,,,,,,,,,,,,,,,,,,,,,,,,,,,,,,,,,,,,,,,,,,,,,,,,,,,,,,,,,,,,,,,,,,,,,,,,,,,,,,,,,,,,,,,,,,,,,,,,,,,,,,,,,,,,,,,,,,,,
,,HABANERO MEXICAN CUISINE,BRONX,LINCOLN AVE,10454,7186881600,Mexican,05/18/03,Violations were cited in the following area(s).,16B,"The original nutritional fact labels and/or ingredient label for a cooking oil, shortening or margarine or food item sold in bulk, or acceptable manufacturers documentation not maintained on site.",Not Critical,,,,Trans Fat / Initial Inspection,,,,,,,,,,,,,,,,,,,,,,,,,,,,,,,,,,,,,,,,,,,,,,,,,,,,,,,,,,,,,,,,,,,,,,,,,,,,,,,,,,,,,,,,,,,,,,,,,,,,,,,,,,,,,,,,,,,,,,,,,,,,,,,,,,,,,,,,,,,,,,,,,,,,,,,,,,,,,,,,,,,,,,,,,,,,,,,,,,,,
,,TIENDA VIEJA RESTAURANT,QUEENS,FRESH MEADOW LANE,,7183213644,Spanish,1/13/15,Violations were cited in the following area(s).,06D,"Food contact surface not properly washed, rinsed and sanitized after each use and following any activity when contamination may have occurred.",Critical,9,A,1/13/15,Cycle Inspection / Initial Inspection,,,,,,,,,,,,,,,,,,,,,,,,,,,,,,,,,,,,,,,,,,,,,,,,,,,,,,,,,,,,,,,,,,,,,,,,,,,,,,,,,,,,,,,,,,,,,,,,,,,,,,,,,,,,,,,,,,,,,,,,,,,,,,,,,,,,,,,,,,,,,,,,,,,,,,,,,,,,,,,,,,,,,,,,,,,,,,,,,,,,
,,BOURBON STREET BAR AND GRILLE,MANHATTAN,WEST   46 STREET,10036,2122452030,American,7/28/17,Violations were cited in the following area(s).,04H,"Raw, cooked or prepared food is adulterated, contaminated, cross-contaminated, or not discarded in accordance with HACCP plan.",Critical,22,,,Cycle Inspection / Initial Inspection,,,,,,,,,,,,,,,,,,,,,,,,,,,,,,,,,,,,,,,,,,,,,,,,,,,,,,,,,,,,,,,,,,,,,,,,,,,,,,,,,,,,,,,,,,,,,,,,,,,,,,,,,,,,,,,,,,,,,,,,,,,,,,,,,,,,,,,,,,,,,,,,,,,,,,,,,,,,,,,,,,,,,,,,,,,,,,,,,,,,
,,ESS-A-BAGEL,MANHATTAN,THIRD AVENUE,10022,2129801010,Bagels/Pretzels,7/29/16,Violations were cited in the following area(s).,06C,"Food not protected from potential source of contamination during storage, preparation, transportation, display or service.",Critical,24,,,Cycle Inspection / Initial Inspection,,,,,,,,,,,,,,,,,,,,,,,,,,,,,,,,,,,,,,,,,,,,,,,,,,,,,,,,,,,,,,,,,,,,,,,,,,,,,,,,,,,,,,,,,,,,,,,,,,,,,,,,,,,,,,,,,,,,,,,,,,,,,,,,,,,,,,,,,,,,,,,,,,,,,,,,,,,,,,,,,,,,,,,,,,,,,,,,,,,,
,,,,,,,,,,,,,,,,,,,,,,,,,,,,,,,,,,,,,,,,,,,,,,,,,,,,,,,,,,,,,,,,,,,,,,,,,,,,,,,,,,,,,,,,,,,,,,,,,,,,,,,,,,,,,,,,,,,,,,,,,,,,,,,,,,,,,,,,,,,,,,,,,,,,,,,,,,,,,,,,,,,,,,,,,,,,,,,,,,,,,,,,,,,,,,,,,,,,
,,,,,,,,,,,,,,,,,,,,,,,,,,,,,,,,,,,,,,,,,,,,,,,,,,,,,,,,,,,,,,,,,,,,,,,,,,,,,,,,,,,,,,,,,,,,,,,,,,,,,,,,,,,,,,,,,,,,,,,,,,,,,,,,,,,,,,,,,,,,,,,,,,,,,,,,,,,,,,,,,,,,,,,,,,,,,,,,,,,,,,,,,,,,,,,,,,,,
,,,,,,,,,,,,,,,,,,,,,,,,,,,,,,,,,,,,,,,,,,,,,,,,,,,,,,,,,,,,,,,,,,,,,,,,,,,,,,,,,,,,,,,,,,,,,,,,,,,,,,,,,,,,,,,,,,,,,,,,,,,,,,,,,,,,,,,,,,,,,,,,,,,,,,,,,,,,,,,,,,,,,,,,,,,,,,,,,,,,,,,,,,,,,,,,,,,,
food_venues,,business_name,street_address,city,state,country,latitude,longitude,categories,type,,,,,,,,,,,,,,,,,,,,,,,,,,,,,,,,,,,,,,,,,,,,,,,,,,,,,,,,,,,,,,,,,,,,,,,,,,,,,,,,,,,,,,,,,,,,,,,,,,,,,,,,,,,,,,,,,,,,,,,,,,,,,,,,,,,,,,,,,,,,,,,,,,,,,,,,,,,,,,,,,,,,,,,,,,,,,,,,,,,,,,,,,,
,,The Cave Wine Bar and Grille,Mile 266 Richardson Hwy,Delta Junction,AK,United States,64.042656,-145.73744,"American, Bar, Pub, Wine Bar",restaurant,,,,,,,,,,,,,,,,,,,,,,,,,,,,,,,,,,,,,,,,,,,,,,,,,,,,,,,,,,,,,,,,,,,,,,,,,,,,,,,,,,,,,,,,,,,,,,,,,,,,,,,,,,,,,,,,,,,,,,,,,,,,,,,,,,,,,,,,,,,,,,,,,,,,,,,,,,,,,,,,,,,,,,,,,,,,,,,,,,,,,,,,,,
,,Finn's Pizza,Cannery Road Boardwalk,Homer,AK,United States,59.60215,-151.42343,"Italian, Pizza, Vegetarian Friendly",restaurant,,,,,,,,,,,,,,,,,,,,,,,,,,,,,,,,,,,,,,,,,,,,,,,,,,,,,,,,,,,,,,,,,,,,,,,,,,,,,,,,,,,,,,,,,,,,,,,,,,,,,,,,,,,,,,,,,,,,,,,,,,,,,,,,,,,,,,,,,,,,,,,,,,,,,,,,,,,,,,,,,,,,,,,,,,,,,,,,,,,,,,,,,,
,,Alaska Fish House,3 Salmon Lndg,Ketchikan,AK,United States,55.339867,-131.64362,"American, Seafood, Soups",restaurant,,,,,,,,,,,,,,,,,,,,,,,,,,,,,,,,,,,,,,,,,,,,,,,,,,,,,,,,,,,,,,,,,,,,,,,,,,,,,,,,,,,,,,,,,,,,,,,,,,,,,,,,,,,,,,,,,,,,,,,,,,,,,,,,,,,,,,,,,,,,,,,,,,,,,,,,,,,,,,,,,,,,,,,,,,,,,,,,,,,,,,,,,,
,,Artic bar,509 Water Street,Ketchikan,AK,United States,55.343334,-131.65056,"Bar, Pub, Brew Pub",restaurant,,,,,,,,,,,,,,,,,,,,,,,,,,,,,,,,,,,,,,,,,,,,,,,,,,,,,,,,,,,,,,,,,,,,,,,,,,,,,,,,,,,,,,,,,,,,,,,,,,,,,,,,,,,,,,,,,,,,,,,,,,,,,,,,,,,,,,,,,,,,,,,,,,,,,,,,,,,,,,,,,,,,,,,,,,,,,,,,,,,,,,,,,,
,,Upcreek Salmon,133 Stedman,Ketchikan,AK,United States,55.341667,-131.64165,American,restaurant,,,,,,,,,,,,,,,,,,,,,,,,,,,,,,,,,,,,,,,,,,,,,,,,,,,,,,,,,,,,,,,,,,,,,,,,,,,,,,,,,,,,,,,,,,,,,,,,,,,,,,,,,,,,,,,,,,,,,,,,,,,,,,,,,,,,,,,,,,,,,,,,,,,,,,,,,,,,,,,,,,,,,,,,,,,,,,,,,,,,,,,,,,
,,Marketcafe',401 Mission st,Ketchikan,AK,United States,55.341797,-131.64554,Street Food,restaurant,,,,,,,,,,,,,,,,,,,,,,,,,,,,,,,,,,,,,,,,,,,,,,,,,,,,,,,,,,,,,,,,,,,,,,,,,,,,,,,,,,,,,,,,,,,,,,,,,,,,,,,,,,,,,,,,,,,,,,,,,,,,,,,,,,,,,,,,,,,,,,,,,,,,,,,,,,,,,,,,,,,,,,,,,,,,,,,,,,,,,,,,,,
,,Denali Family Restaurant,121 Lamont Way,Wasilla,AK,United States,61.58323,-149.5512,American,restaurant,,,,,,,,,,,,,,,,,,,,,,,,,,,,,,,,,,,,,,,,,,,,,,,,,,,,,,,,,,,,,,,,,,,,,,,,,,,,,,,,,,,,,,,,,,,,,,,,,,,,,,,,,,,,,,,,,,,,,,,,,,,,,,,,,,,,,,,,,,,,,,,,,,,,,,,,,,,,,,,,,,,,,,,,,,,,,,,,,,,,,,,,,,
,,Veronica's Cafe,602 Petersen Way,Kenai,AK,United States,60.553333,-151.2689,"American, Cafe, Soups, Vegetarian Friendly, Gluten Free Options",restaurant,,,,,,,,,,,,,,,,,,,,,,,,,,,,,,,,,,,,,,,,,,,,,,,,,,,,,,,,,,,,,,,,,,,,,,,,,,,,,,,,,,,,,,,,,,,,,,,,,,,,,,,,,,,,,,,,,,,,,,,,,,,,,,,,,,,,,,,,,,,,,,,,,,,,,,,,,,,,,,,,,,,,,,,,,,,,,,,,,,,,,,,,,,
,,Seward Brewing Company,139 Fourth Avenue,Seward,AK,United States,60.100887,-149.44075,"American, Bar, Pub, Vegetarian Friendly, Vegan Options, Gluten Free Options",restaurant,,,,,,,,,,,,,,,,,,,,,,,,,,,,,,,,,,,,,,,,,,,,,,,,,,,,,,,,,,,,,,,,,,,,,,,,,,,,,,,,,,,,,,,,,,,,,,,,,,,,,,,,,,,,,,,,,,,,,,,,,,,,,,,,,,,,,,,,,,,,,,,,,,,,,,,,,,,,,,,,,,,,,,,,,,,,,,,,,,,,,,,,,,
,,Woody's Thai Kitchen,804 Fourth,Seward,AK,United States,60.11055,-149.44017,"Asian, Thai, Vegetarian Friendly, Vegan Options, Gluten Free Options",restaurant,,,,,,,,,,,,,,,,,,,,,,,,,,,,,,,,,,,,,,,,,,,,,,,,,,,,,,,,,,,,,,,,,,,,,,,,,,,,,,,,,,,,,,,,,,,,,,,,,,,,,,,,,,,,,,,,,,,,,,,,,,,,,,,,,,,,,,,,,,,,,,,,,,,,,,,,,,,,,,,,,,,,,,,,,,,,,,,,,,,,,,,,,,
,,,,,,,,,,,,,,,,,,,,,,,,,,,,,,,,,,,,,,,,,,,,,,,,,,,,,,,,,,,,,,,,,,,,,,,,,,,,,,,,,,,,,,,,,,,,,,,,,,,,,,,,,,,,,,,,,,,,,,,,,,,,,,,,,,,,,,,,,,,,,,,,,,,,,,,,,,,,,,,,,,,,,,,,,,,,,,,,,,,,,,,,,,,,,,,,,,,,
,,,,,,,,,,,,,,,,,,,,,,,,,,,,,,,,,,,,,,,,,,,,,,,,,,,,,,,,,,,,,,,,,,,,,,,,,,,,,,,,,,,,,,,,,,,,,,,,,,,,,,,,,,,,,,,,,,,,,,,,,,,,,,,,,,,,,,,,,,,,,,,,,,,,,,,,,,,,,,,,,,,,,,,,,,,,,,,,,,,,,,,,,,,,,,,,,,,,
,,,,,,,,,,,,,,,,,,,,,,,,,,,,,,,,,,,,,,,,,,,,,,,,,,,,,,,,,,,,,,,,,,,,,,,,,,,,,,,,,,,,,,,,,,,,,,,,,,,,,,,,,,,,,,,,,,,,,,,,,,,,,,,,,,,,,,,,,,,,,,,,,,,,,,,,,,,,,,,,,,,,,,,,,,,,,,,,,,,,,,,,,,,,,,,,,,,,
geographic,,BK88,QN52,QN48,QN51,QN27,BX35,BX98,QN07,MN06,QN02,QN46,BK25,BX59,QN41,MN17,MN19,QN47,QN08,QN54,QN25,QN55,QN06,BK44,BK40,BK41,BK95,BX33,BK69,BX52,QN49,QN26,BK27,BK28,BK76,QN30,BK17,QN35,QN61,SI45,QN63,QN76,QN01,BX10,BK34,QN33,QN70,QN34,QN66,BK45,BK43,BK26,BK29,SI12,SI28,BK19,SI48,BK85,QN56,BK60,BK90,BK72,BK75,BK81,MN20,BK35,BK79,BK61,MN21,BK63,BK96,BX07,BX44,BX03,BX31,BK93,QN31,QN62,BK91,SI07,QN45,BK78,BK77,QN20,QN43,QN44,BX41,BK46,QN22,SI22,MN27,MN50,BX22,BX29,BK42,BX62,SI25,BX30,BX36,BX34,QN10,QN12,BX17,BX37,QN17,QN60,BK68,BX01,BX40,MN34,MN31,QN68,BX39,QN72,QN42,QN23,BX14,BX49,BX08,BX46,BX55,BX05,BX43,BX27,BX75,SI08,SI35,BX13,BK64,BK30,QN15,QN50,QN57,QN28,QN98,QN53,BK73,MN04,MN03,SI24,BK21,BK23,QN19,MN01,BX06,MN11,MN40,MN14,BX28,MN09,MN12,MN22,MN28,MN35,MN36,BX26,BX63,BX09,BX99,QN99,SI36,QN03,QN05,SI01,SI54,BK50,BK58,BK33,SI14,SI37,QN71,BK32,BK37,QN37,QN38,QN21,BK09,BK38,BK82,BK83,SI11,SI05,SI32,BK31,BK99,SI99,MN25,MN24,MN23,MN13,MN15,MN32,MN33,MN99,QN18,QN29
,,-73.976051,-73.794934,-73.77574,-73.803792,-73.861099,-73.896967,-73.872873,-73.757258,-73.94608,-73.760316,-73.767796,-73.958594,-73.839369,-73.777576,-73.973016,-73.961631,-73.767796,-73.752052,-73.81638,-73.857349,-73.80577,-73.756705,-73.937539,-73.980173,-73.970843,-73.948266,-73.894837,-73.953372,-73.839796,-73.791794,-73.854497,-74.002005,-73.97964,-73.932135,-73.888524,-73.918094,-73.793039,-73.768447,-74.084692,-73.898663,-73.774699,-73.773958,-73.788335,-73.98906,-73.726779,-73.902027,-73.728164,-73.73356,-73.917162,-73.960149,-73.965145,-73.974778,-74.159458,-74.126134,-73.960351,-74.171853,-73.898808,-73.84013,-73.930686,-73.924061,-73.950238,-73.941932,-73.898808,-73.972198,-73.918047,-73.904048,-73.921649,-73.9785,-73.96132,-73.908559,-73.861381,-73.847051,-73.79323,-73.853638,-73.888287,-73.943456,-73.815375,-73.94463,-74.130476,-73.71352,-73.932299,-73.9014,-73.904774,-73.710501,-73.710501,-73.89561,-73.970748,-73.823314,-74.072583,-73.983825,-73.975112,-73.896635,-73.89788,-73.958709,-73.837381,-74.121539,-73.906081,-73.90487,-73.901294,-73.883467,-73.768101,-73.883121,-73.831293,-73.831033,-73.81638,-73.969396,-73.890391,-73.891382,-73.933807,-73.941802,-73.934529,-73.924811,-73.891834,-73.740171,-73.867885,-73.909589,-73.836821,-73.862724,-73.86034,-73.86034,-73.883627,-73.883095,-73.884391,-73.873599,-74.081556,-74.083735,-73.820276,-73.968691,-74.007024,-73.763764,-73.891752,-73.857225,-73.873659,-73.747123,-73.84914,-73.958144,-73.940348,-73.933831,-74.097771,-73.974591,-73.968891,-73.857294,-73.92152,-73.883095,-73.941773,-73.949333,-73.974999,-73.887053,-73.952103,-73.960032,-73.982558,-73.982375,-73.928728,-73.931395,-73.917289,-73.91192,-73.880547,-73.869559,-73.865227,-74.065035,-73.757633,-73.725864,-74.221724,-74.144389,-73.888341,-73.918604,-73.992365,-74.081556,-74.072583,-73.928279,-73.987252,-73.973762,-73.814973,-73.796404,-73.859656,-73.992365,-73.979059,-73.861145,-73.863351,-74.207,-74.195561,-74.20315,-74.032667,-73.915135,-74.118136,-74.000784,-73.992605,-73.989904,-74.001535,-73.993833,-73.938048,-73.935054,-74.01093,-73.858726,-73.867911
,,40.6312841,40.7578063,40.7433339,40.7756184,40.7636727,40.8343504,40.7859833,40.7181469,40.8212715,40.6751182,40.7787538,40.6104113,40.8408913,40.7302015,40.7642871,40.7551607,40.7787538,40.7052363,40.7024602,40.7479797,40.6829406,40.7262377,40.6085656,40.6611629,40.6463868,40.6386154,40.8262551,40.6806488,40.8356275,40.7893599,40.7582869,40.5941406,40.6155728,40.7281679,40.7345394,40.5865786,40.7107193,40.7096453,40.5714861,40.7599293,40.6804943,40.699814,40.8346754,40.6441275,40.7030676,40.7674251,40.7230924,40.6855253,40.6317384,40.6289234,40.5911101,40.6126467,40.6414566,40.6412726,40.5873145,40.5615291,40.6574149,40.6811549,40.6636287,40.7141198,40.7054815,40.7007335,40.6574149,40.7404108,40.6872215,40.6792289,40.6788788,40.7367992,40.6714149,40.6521042,40.8713448,40.8876801,40.8828309,40.8733089,40.6467307,40.7520619,40.7472266,40.631846,40.6308937,40.759846,40.7077577,40.6915982,40.7128741,40.7272354,40.7272354,40.8545787,40.6256377,40.7795869,40.6379501,40.7214811,40.7353985,40.9114257,40.8902844,40.6503955,40.893933,40.5751615,40.8732507,40.8587015,40.8204837,40.5684863,40.5978542,40.8482294,40.8554424,40.714345,40.7024602,40.6960886,40.8546973,40.8617089,40.8165208,40.7690552,40.771185,40.8156673,40.7748885,40.7384902,40.7873693,40.8427647,40.8572851,40.832929,40.8332615,40.8332615,40.8672659,40.8666105,40.8229757,40.8398068,40.6062985,40.6357454,40.885559,40.6820135,40.6321182,40.591448,40.74682,40.6502869,40.7568118,40.6371705,40.698291,40.7244125,40.8304661,40.8194994,40.6106318,40.5831471,40.5752695,40.7114759,40.8566095,40.8666105,40.8070973,40.7852014,40.7775408,40.8843579,40.8114511,40.7980464,40.7313584,40.7055516,40.8667497,40.8474365,40.8451124,40.8432662,40.8184763,40.8161682,40.5704667,40.5889992,40.6664594,40.6832493,40.5025412,40.5697143,40.6467185,40.6320766,40.6896984,40.6062985,40.6379501,40.7769072,40.6603872,40.6830577,40.738569,40.7382906,40.7133882,40.6896984,40.7059611,40.6743384,40.6793599,40.5575757,40.6350322,40.55607,40.6437286,40.5862776,40.5506009,40.6942948,40.7241447,40.7344431,40.7626529,40.7729401,40.7808378,40.7916955,40.6844997,40.7357169,40.744942
,,-73.977167,-73.794749,-73.775799,-73.800991,-73.859931,-73.896787,-73.872886,-73.75589,-73.946404,-73.758806,-73.767606,-73.958282,-73.839568,-73.778488,-73.971413,-73.962137,-73.767962,-73.751746,-73.81614,-73.854427,-73.805519,-73.756711,-73.938298,-73.980208,-73.970771,-73.949234,-73.894872,-73.953283,-73.839675,-73.791565,-73.85421,-74.002193,-73.980222,-73.93253,-73.888481,-73.918127,-73.793897,-73.769187,-74.085954,-73.899062,-73.774755,-73.774463,-73.789314,-73.98978,-73.72673,-73.902181,-73.728497,-73.733502,-73.917225,-73.959957,-73.965303,-73.974586,-74.15975,-74.125997,-73.960319,-74.172231,-73.89882,-73.839522,-73.928542,-73.924042,-73.949839,-73.944389,-73.898887,-73.972218,-73.918,-73.903492,-73.921713,-73.978576,-73.959049,-73.90945,-73.861435,-73.847445,-73.794167,-73.853578,-73.888293,-73.942916,-73.814773,-73.944882,-74.130143,-73.714264,-73.93392,-73.901889,-73.903771,-73.710564,-73.710505,-73.896626,-73.970473,-73.823548,-74.073299,-73.983866,-73.974961,-73.896632,-73.898274,-73.958448,-73.83646,-74.121728,-73.90602,-73.905265,-73.901603,-73.883371,-73.767955,-73.882846,-73.831576,-73.831154,-73.816477,-73.96938,-73.890692,-73.891064,-73.93383,-73.942569,-73.934248,-73.924001,-73.890343,-73.741448,-73.868034,-73.909626,-73.836907,-73.863667,-73.860381,-73.860326,-73.88443,-73.883627,-73.884363,-73.872836,-74.082811,-74.083948,-73.820241,-73.967533,-74.00634,-73.763858,-73.891393,-73.859023,-73.872712,-73.747068,-73.849479,-73.957721,-73.940143,-73.934118,-74.097306,-73.974593,-73.968947,-73.856679,-73.921592,-73.882977,-73.942265,-73.949825,-73.975461,-73.88705,-73.952593,-73.960524,-73.98247,-73.98246,-73.928059,-73.931852,-73.917326,-73.911948,-73.880982,-73.869546,-73.864543,-74.065035,-73.757566,-73.725908,-74.221784,-74.142875,-73.888354,-73.918356,-73.992624,-74.077782,-74.072574,-73.927823,-73.987312,-73.973754,-73.814841,-73.796391,-73.859787,-73.994362,-73.979062,-73.861073,-73.863311,-74.208805,-74.192491,-74.203182,-74.032608,-73.915099,-74.116564,-74.00096,-73.992634,-73.98987,-74.001339,-73.993789,-73.937903,-73.935108,-74.011934,-73.858672,-73.867877
,,40.6307549,40.7556365,40.7433259,40.7753974,40.7622086,40.8341333,40.7859709,40.7163069,40.8205803,40.6730139,40.7783073,40.6087556,40.8405555,40.7299522,40.7635957,40.7545815,40.7787843,40.7045544,40.7019458,40.74886,40.6824165,40.7261873,40.6080709,40.6611142,40.6461192,40.6385559,40.8239456,40.6802083,40.8356095,40.7891114,40.7578756,40.5943647,40.6150132,40.7278996,40.7341664,40.5865156,40.7103606,40.7093446,40.5703065,40.7593363,40.6804755,40.6990034,40.8344732,40.6436531,40.702154,40.7673241,40.722999,40.6855088,40.6317198,40.6277869,40.5903665,40.6116218,40.6414248,40.6402395,40.586523,40.5611441,40.6574621,40.6799701,40.6616889,40.7140166,40.7052373,40.7004328,40.6574031,40.7403159,40.686974,40.6789063,40.678124,40.7366855,40.6708905,40.6515298,40.8696118,40.8869868,40.8830015,40.8732843,40.646727,40.7518271,40.7466906,40.6341852,40.6299734,40.759835,40.7074953,40.691086,40.7128253,40.7272271,40.7272867,40.8527959,40.6241783,40.7790438,40.6379117,40.7214046,40.735377,40.9113072,40.8894662,40.6493253,40.8915244,40.5749152,40.8732353,40.8580555,40.8197031,40.5683401,40.5974343,40.8478255,40.8553879,40.7143151,40.7024587,40.6959996,40.8543616,40.8615377,40.8155936,40.7685142,40.7710375,40.8154472,40.7732459,40.736947,40.7871903,40.8421179,40.857189,40.8327036,40.8333444,40.8332069,40.8668087,40.8672659,40.8228821,40.8397631,40.6064192,40.6356623,40.8854993,40.681777,40.6317019,40.5917623,40.7466493,40.6526684,40.7550718,40.6371625,40.6982041,40.7242932,40.8303803,40.8195588,40.6106356,40.5830146,40.5752869,40.7077001,40.8565049,40.866458,40.806424,40.7845238,40.776907,40.8842438,40.8107736,40.7973767,40.7313231,40.7055507,40.8662077,40.8468109,40.8450658,40.843184,40.8182439,40.816103,40.5692512,40.5889175,40.6664569,40.6826649,40.5025416,40.5690901,40.6467162,40.6298035,40.6891688,40.6061792,40.6378801,40.7767058,40.6603379,40.6829977,40.7379227,40.7382418,40.7133196,40.6902477,40.7059543,40.6740281,40.6791762,40.5573169,40.6334108,40.5560001,40.6437071,40.5862748,40.549136,40.6940773,40.7240651,40.7335354,40.7622168,40.7729121,40.7807583,40.7916579,40.683896,40.7356272,40.7448236
,,-73.977,-73.794579,-73.77806,-73.798653,-73.859668,-73.896303,-73.872983,-73.754702,-73.94672,-73.758598,-73.76762,-73.957725,-73.839722,-73.779367,-73.969906,-73.962195,-73.768035,-73.751438,-73.815938,-73.854371,-73.805228,-73.756033,-73.939014,-73.980208,-73.970547,-73.950175,-73.893898,-73.95437,-73.839616,-73.791339,-73.854078,-74.002304,-73.980806,-73.934125,-73.888445,-73.918057,-73.794732,-73.770937,-74.08655,-73.899412,-73.775497,-73.774595,-73.789512,-73.990498,-73.726785,-73.90258,-73.728825,-73.733086,-73.917283,-73.958996,-73.965466,-73.974517,-74.15998,-74.126071,-73.960319,-74.172455,-73.898837,-73.837944,-73.928284,-73.923141,-73.949472,-73.944244,-73.899043,-73.972269,-73.917917,-73.903209,-73.921817,-73.978911,-73.957975,-73.910231,-73.8615,-73.847488,-73.794494,-73.852659,-73.888469,-73.942708,-73.814163,-73.945125,-74.130249,-73.714558,-73.933792,-73.902505,-73.902936,-73.714105,-73.710556,-73.897088,-73.970194,-73.823764,-74.073741,-73.984479,-73.974894,-73.896632,-73.899226,-73.958262,-73.83555,-74.121855,-73.905913,-73.905661,-73.901665,-73.883132,-73.767764,-73.882,-73.831932,-73.8313,-73.816862,-73.969373,-73.890903,-73.891062,-73.933948,-73.942857,-73.934476,-73.923956,-73.890091,-73.741518,-73.868132,-73.909396,-73.836914,-73.864567,-73.860429,-73.860084,-73.88514,-73.882845,-73.884334,-73.872773,-74.083421,-74.084438,-73.820056,-73.966574,-74.004139,-73.763914,-73.891112,-73.860015,-73.872694,-73.747066,-73.848943,-73.956275,-73.939627,-73.934314,-74.097219,-73.974577,-73.969039,-73.855961,-73.921598,-73.882719,-73.942755,-73.950284,-73.975957,-73.887044,-73.95308,-73.960749,-73.981911,-73.982424,-73.927271,-73.931917,-73.917399,-73.911988,-73.882449,-73.868897,-73.864133,-74.064543,-73.756023,-73.725825,-74.221843,-74.141521,-73.888375,-73.918244,-73.992687,-74.077148,-74.073485,-73.927378,-73.987451,-73.973742,-73.814695,-73.796362,-73.86208,-73.996234,-73.979245,-73.860777,-73.863288,-74.210509,-74.19216,-74.203209,-74.029057,-73.915057,-74.114944,-74.003015,-73.993093,-73.990028,-74.001279,-73.993727,-73.937796,-73.935173,-74.012177,-73.858585,-73.867852
,,40.6298797,40.7535713,40.7429948,40.7752088,40.7619102,40.8335515,40.7859027,40.7147183,40.8199025,40.6727562,40.778003,40.6058081,40.8395737,40.7297101,40.7629663,40.7545126,40.7788667,40.7038726,40.7015134,40.7487472,40.6818064,40.725601,40.6076077,40.661114,40.6453249,40.6385188,40.8239923,40.6800834,40.8356189,40.788866,40.7576606,40.5945516,40.6144554,40.7268637,40.733863,40.5864448,40.7100207,40.7086342,40.5696405,40.7588171,40.6802273,40.6988078,40.8353723,40.6431727,40.7019954,40.7669301,40.7228919,40.6853908,40.6316951,40.6278938,40.5896516,40.611265,40.6414547,40.6402627,40.5864447,40.5608965,40.6575342,40.6768025,40.6614553,40.713403,40.7050273,40.6997075,40.6573799,40.740322,40.6865742,40.678749,40.6770266,40.7361724,40.6706655,40.6510223,40.8677905,40.8869228,40.8830765,40.8730005,40.646908,40.7517381,40.7461468,40.6364565,40.6296174,40.7598171,40.7070748,40.6904807,40.7127943,40.7267646,40.7280291,40.8519766,40.6242115,40.7785128,40.6378695,40.7202425,40.7353835,40.9113072,40.8875391,40.648541,40.8891418,40.5746614,40.8732041,40.857407,40.8195587,40.5683889,40.5965573,40.8472436,40.8552934,40.7142724,40.7024526,40.695946,40.8541252,40.8614801,40.8155959,40.7683118,40.7704199,40.8155092,40.7736347,40.7368686,40.7872411,40.8412619,40.8570164,40.8323975,40.8334121,40.8331197,40.8663912,40.8677445,40.8228184,40.8397596,40.6065307,40.6354135,40.8821224,40.6815731,40.6303722,40.5920476,40.745211,40.6539817,40.7550382,40.6371692,40.6975651,40.7233981,40.8301641,40.8196381,40.6106363,40.5829111,40.5753168,40.7064349,40.8565074,40.8661413,40.8057523,40.7838987,40.776228,40.8840485,40.8101024,40.7970643,40.7311034,40.7058303,40.8655428,40.8467188,40.8449518,40.8430654,40.8192766,40.8151245,40.5694129,40.5884422,40.6664,40.681644,40.5025466,40.5685285,40.6467186,40.6287783,40.6890415,40.6061535,40.6377956,40.7764749,40.6601978,40.6829003,40.7371487,40.7381324,40.7122093,40.690766,40.7055595,40.6728139,40.6790855,40.5570724,40.6332392,40.555929,40.6417336,40.5862755,40.5495969,40.6947861,40.7228283,40.7327645,40.7620841,40.7728725,40.7807895,40.7916135,40.6841034,40.7354802,40.7447248
,,-73.976851,-73.794629,-73.778601,-73.798531,-73.859137,-73.896474,-73.873089,-73.754077,-73.947038,-73.758573,-73.76748,-73.957532,-73.840304,-73.780249,-73.969802,-73.962233,-73.768113,-73.751137,-73.815519,-73.854056,-73.804931,-73.755816,-73.939341,-73.980208,-73.970318,-73.951165,-73.893201,-73.955438,-73.839616,-73.790849,-73.854006,-74.002424,-73.981439,-73.935399,-73.888402,-73.918085,-73.795618,-73.772303,-74.086914,-73.899486,-73.776364,-73.774894,-73.788458,-73.991214,-73.726739,-73.902729,-73.729146,-73.732221,-73.917337,-73.958054,-73.965642,-73.974392,-74.160151,-74.126201,-73.960339,-74.173217,-73.899219,-73.838121,-73.926466,-73.922236,-73.949255,-73.944097,-73.899483,-73.972271,-73.917893,-73.902566,-73.921825,-73.97935,-73.955271,-73.911102,-73.861504,-73.847859,-73.79745,-73.851711,-73.88846,-73.942565,-73.813825,-73.945374,-74.130332,-73.714983,-73.933712,-73.902711,-73.902244,-73.714971,-73.71062,-73.898087,-73.969099,-73.823822,-74.074696,-73.985075,-73.974828,-73.896608,-73.899366,-73.958151,-73.836435,-74.121832,-73.905868,-73.904685,-73.902109,-73.882808,-73.767719,-73.881057,-73.832283,-73.831361,-73.817445,-73.969357,-73.892168,-73.891155,-73.933948,-73.943221,-73.934587,-73.923909,-73.889978,-73.741591,-73.869183,-73.909118,-73.836677,-73.865462,-73.860492,-73.859348,-73.885938,-73.881885,-73.884296,-73.872982,-74.083553,-74.085751,-73.821104,-73.965512,-74.003687,-73.764051,-73.890718,-73.860497,-73.872671,-73.74703,-73.847735,-73.954778,-73.939436,-73.934402,-74.095929,-73.97457,-73.969922,-73.855939,-73.921673,-73.882678,-73.944303,-73.950741,-73.976459,-73.887088,-73.953278,-73.960981,-73.981719,-73.981025,-73.926621,-73.931981,-73.917437,-73.912223,-73.883789,-73.868127,-73.864069,-74.064361,-73.755513,-73.7258,-74.221871,-74.141314,-73.888407,-73.918164,-73.99293,-74.076569,-74.073458,-73.926582,-73.987842,-73.973957,-73.814693,-73.796077,-73.865011,-73.997771,-73.979122,-73.860387,-73.862966,-74.212202,-74.186492,-74.203231,-74.028898,-73.914983,-74.114582,-74.002637,-73.993262,-73.990213,-74.001152,-73.993592,-73.937801,-73.93527,-74.008787,-73.858345,-73.867828
,,40.6290968,40.7527109,40.7429164,40.775199,40.7614267,40.8330559,40.7858632,40.713913,40.8192167,40.6726456,40.7776638,40.6048315,40.8395326,40.7294681,40.7629218,40.7545304,40.7788423,40.7032116,40.7006137,40.7481666,40.6811852,40.7254383,40.6073938,40.6611137,40.6445462,40.6384564,40.8240165,40.6799661,40.8356,40.7884152,40.7575379,40.5947357,40.6138459,40.7259151,40.7334563,40.5864404,40.7097613,40.7080797,40.5689941,40.7586911,40.6799442,40.6983957,40.8353182,40.6426941,40.7015962,40.7667735,40.7227713,40.6851294,40.6316648,40.6279794,40.5888954,40.6105874,40.6415029,40.6412726,40.5862893,40.5600859,40.6591197,40.6766381,40.6598226,40.7128642,40.7049042,40.6989812,40.6573296,40.7403168,40.6864574,40.6783534,40.6769466,40.7355614,40.6701332,40.6504562,40.8675597,40.8863727,40.8838537,40.8727058,40.6469101,40.7516752,40.745841,40.6387952,40.6293926,40.7597911,40.7067998,40.690273,40.7127681,40.7266549,40.7288481,40.8502214,40.6243411,40.7783684,40.6378134,40.7190916,40.7353899,40.9102105,40.8872574,40.6477759,40.888944,40.5742253,40.873191,40.8570686,40.8185135,40.5676767,40.5962696,40.8466028,40.8551857,40.71424,40.7024258,40.695863,40.8527778,40.8609219,40.8155847,40.7679009,40.7702257,40.8155742,40.7737319,40.7367903,40.7859518,40.8401794,40.856661,40.8321399,40.8334747,40.8328973,40.8659327,40.8683291,40.8227265,40.8389608,40.6065602,40.6339638,40.8789775,40.6813523,40.6301,40.5927473,40.7431361,40.6545671,40.7549951,40.6371639,40.6947835,40.7224678,40.8300844,40.8196761,40.6106466,40.5828561,40.5755909,40.7064045,40.8564023,40.8660974,40.8063991,40.78327,40.7755408,40.8838053,40.8098879,40.7967469,40.731028,40.7059072,40.8645326,40.8466267,40.8448789,40.8423649,40.8219417,40.8148383,40.5693062,40.5882761,40.666407,40.681395,40.5027231,40.5684416,40.6467222,40.6280127,40.6885277,40.6061299,40.6376622,40.7760475,40.6598251,40.682278,40.7359583,40.7381526,40.7107852,40.691203,40.7055383,40.67126,40.6791211,40.5564516,40.630231,40.5558569,40.6412223,40.5862775,40.5492847,40.6953703,40.7223627,40.7320046,40.7620341,40.7727983,40.7810396,40.7915363,40.6861549,40.7350095,40.7446377
,,-73.976697,-73.794657,-73.779658,-73.798234,-73.859125,-73.896694,-73.873204,-73.754049,-73.947351,-73.758149,-73.767139,-73.957285,-73.840275,-73.781162,-73.97026,-73.962688,-73.768073,-73.750829,-73.815464,-73.853826,-73.804647,-73.755668,-73.939394,-73.980229,-73.97009,-73.95214,-73.893903,-73.955311,-73.8397,-73.790655,-73.853911,-74.00255,-73.98175,-73.936765,-73.888377,-73.918116,-73.796396,-73.772653,-74.086194,-73.899569,-73.777231,-73.775138,-73.788335,-73.99193,-73.726655,-73.902876,-73.729458,-73.731329,-73.917386,-73.956848,-73.965815,-73.974185,-74.160326,-74.126343,-73.960348,-74.173589,-73.899654,-73.837845,-73.927256,-73.92182,-73.948666,-73.943951,-73.899687,-73.972255,-73.917851,-73.902023,-73.921834,-73.979448,-73.953272,-73.911824,-73.861544,-73.847905,-73.799377,-73.851086,-73.888452,-73.94207,-73.813759,-73.946383,-74.130565,-73.716127,-73.933595,-73.902912,-73.900597,-73.715881,-73.710657,-73.898876,-73.968647,-73.824055,-74.074871,-73.985912,-73.97475,-73.896597,-73.899622,-73.958142,-73.837323,-74.121702,-73.905716,-73.905088,-73.90258,-73.882771,-73.767422,-73.880479,-73.832626,-73.832435,-73.817545,-73.969342,-73.893073,-73.891745,-73.933943,-73.943816,-73.934719,-73.92377,-73.889853,-73.742286,-73.869236,-73.909064,-73.834997,-73.866357,-73.860569,-73.859121,-73.886835,-73.88147,-73.884241,-73.873129,-74.084069,-74.087143,-73.823297,-73.964423,-74.003063,-73.764144,-73.88984,-73.860542,-73.872144,-73.747008,-73.846619,-73.954185,-73.938999,-73.934391,-74.09556,-73.974564,-73.970783,-73.855535,-73.921691,-73.882738,-73.944784,-73.951201,-73.976913,-73.887101,-73.953577,-73.961442,-73.980342,-73.981019,-73.926012,-73.932011,-73.917468,-73.912405,-73.884241,-73.866539,-73.863171,-74.06441,-73.755264,-73.725756,-74.223217,-74.14027,-73.888452,-73.917996,-73.993006,-74.075851,-74.073536,-73.926024,-73.988433,-73.974228,-73.814724,-73.796505,-73.865579,-73.998032,-73.979329,-73.859476,-73.862347,-74.213503,-74.183689,-74.203248,-74.02891,-73.91491,-74.114449,-74.002399,-73.993529,-73.990392,-74.001037,-73.993504,-73.937648,-73.935266,-74.008697,-73.857994,-73.867686
,,40.6283628,40.7519964,40.7427376,40.7748566,40.7612838,40.8319744,40.7858332,40.7138858,40.8185433,40.6727152,40.776946,40.6034779,40.8392146,40.729221,40.762297,40.7540126,40.7787567,40.7025229,40.7005011,40.7478623,40.6805881,40.7253274,40.6073591,40.6610564,40.6437541,40.6384517,40.8236514,40.6792814,40.8355836,40.7882577,40.7573667,40.5949169,40.6135629,40.7248472,40.7332136,40.5864623,40.7095398,40.7080012,40.5685728,40.7585535,40.679661,40.6980587,40.8346754,40.6422131,40.7011209,40.7666149,40.7226378,40.6848588,40.6316294,40.6281281,40.5881415,40.6094717,40.6415844,40.641261,40.586133,40.5597066,40.6607437,40.6760864,40.6593458,40.7117903,40.7045733,40.6982295,40.6573062,40.7403084,40.6862414,40.678035,40.6768573,40.7354228,40.6700155,40.6499917,40.8661619,40.8863043,40.8843603,40.8725011,40.6469132,40.7514703,40.7457543,40.6387345,40.628716,40.759669,40.7063789,40.6900625,40.7127056,40.7265502,40.7293912,40.8488195,40.6219499,40.7777261,40.637801,40.7193472,40.7354335,40.909636,40.8867878,40.6475116,40.8887503,40.5738403,40.8731466,40.8564191,40.8173781,40.5676057,40.5963134,40.8462031,40.8550653,40.7136682,40.7026656,40.6957767,40.8532583,40.8601854,40.8155736,40.7672292,40.7700381,40.8157681,40.7737616,40.7360947,40.7859782,40.8399558,40.8565795,40.8318828,40.833529,40.8328285,40.8653983,40.8685819,40.8226339,40.8383434,40.6066897,40.6322478,40.8731057,40.6811273,40.6297234,40.5932134,40.7432627,40.6546322,40.7539943,40.6371607,40.6925034,40.7226447,40.8298971,40.8195732,40.610633,40.582793,40.5757958,40.7065296,40.8564089,40.8660569,40.8057695,40.7826417,40.7749174,40.8837382,40.809485,40.7961191,40.7304507,40.7058058,40.863582,40.8465843,40.844804,40.8418248,40.8226339,40.8143661,40.5677475,40.5882472,40.666403,40.6809542,40.5086668,40.5679584,40.6467368,40.626466,40.6883729,40.6060453,40.63765,40.7757387,40.6592595,40.6815129,40.7353463,40.7380121,40.7106675,40.691262,40.7047545,40.6713888,40.679173,40.5556758,40.6287462,40.555784,40.6411817,40.5862704,40.5491777,40.6957199,40.7216415,40.7312968,40.7619766,40.7727599,40.7810095,40.791534,40.6862016,40.7343419,40.74408